{"msg":"init","dagFile":"Library/Bee/1900b0aE.dag","targets":["ScriptAssemblies"]}
{"msg":"enqueueNode","enqueuedNodeAnnotation":"ScriptAssemblies","enqueuedNodeIndex":5}
{"msg":"enqueueNode","enqueuedNodeAnnotation":"MovedFromExtractor Library/Bee/artifacts/mvdfrm/UnityEditor.Graphs.dll_29443C9DABC5301D.mvfrm","enqueuedNodeIndex":4,"enqueueingNodeAnnotation":"ScriptAssemblies","enqueueingNodeIndex":5}
{"msg":"enqueueNode","enqueuedNodeAnnotation":"MovedFromExtractor Library/Bee/artifacts/mvdfrm/UnityEditor.CoreModule.dll_13393843FFC550EB.mvfrm","enqueuedNodeIndex":6,"enqueueingNodeAnnotation":"ScriptAssemblies","enqueueingNodeIndex":5}
{"msg":"enqueueNode","enqueuedNodeAnnotation":"MovedFromExtractor Library/Bee/artifacts/mvdfrm/UnityEditor.DeviceSimulatorModule.dll_8D7CD9164C541DC6.mvfrm","enqueuedNodeIndex":7,"enqueueingNodeAnnotation":"ScriptAssemblies","enqueueingNodeIndex":5}
{"msg":"enqueueNode","enqueuedNodeAnnotation":"MovedFromExtractor Library/Bee/artifacts/mvdfrm/UnityEditor.DiagnosticsModule.dll_A3C07DB6F7F66E94.mvfrm","enqueuedNodeIndex":8,"enqueueingNodeAnnotation":"ScriptAssemblies","enqueueingNodeIndex":5}
{"msg":"enqueueNode","enqueuedNodeAnnotation":"MovedFromExtractor Library/Bee/artifacts/mvdfrm/UnityEditor.dll_60A5D8F0247B64BA.mvfrm","enqueuedNodeIndex":9,"enqueueingNodeAnnotation":"ScriptAssemblies","enqueueingNodeIndex":5}
{"msg":"enqueueNode","enqueuedNodeAnnotation":"MovedFromExtractor Library/Bee/artifacts/mvdfrm/UnityEditor.GraphViewModule.dll_FBCA5D1EFDD787EB.mvfrm","enqueuedNodeIndex":10,"enqueueingNodeAnnotation":"ScriptAssemblies","enqueueingNodeIndex":5}
{"msg":"enqueueNode","enqueuedNodeAnnotation":"MovedFromExtractor Library/Bee/artifacts/mvdfrm/UnityEditor.PackageManagerUIModule.dll_32923639F8FAB687.mvfrm","enqueuedNodeIndex":11,"enqueueingNodeAnnotation":"ScriptAssemblies","enqueueingNodeIndex":5}
{"msg":"enqueueNode","enqueuedNodeAnnotation":"MovedFromExtractor Library/Bee/artifacts/mvdfrm/UnityEditor.QuickSearchModule.dll_2ECFFEC450CD6AED.mvfrm","enqueuedNodeIndex":12,"enqueueingNodeAnnotation":"ScriptAssemblies","enqueueingNodeIndex":5}
{"msg":"enqueueNode","enqueuedNodeAnnotation":"MovedFromExtractor Library/Bee/artifacts/mvdfrm/UnityEditor.SceneTemplateModule.dll_37D23AC151A5F90E.mvfrm","enqueuedNodeIndex":13,"enqueueingNodeAnnotation":"ScriptAssemblies","enqueueingNodeIndex":5}
{"msg":"enqueueNode","enqueuedNodeAnnotation":"MovedFromExtractor Library/Bee/artifacts/mvdfrm/UnityEditor.TextCoreFontEngineModule.dll_53CA725FDF0A7E09.mvfrm","enqueuedNodeIndex":14,"enqueueingNodeAnnotation":"ScriptAssemblies","enqueueingNodeIndex":5}
{"msg":"enqueueNode","enqueuedNodeAnnotation":"MovedFromExtractor Library/Bee/artifacts/mvdfrm/UnityEditor.TextCoreTextEngineModule.dll_9BB2A8D16E8E3727.mvfrm","enqueuedNodeIndex":15,"enqueueingNodeAnnotation":"ScriptAssemblies","enqueueingNodeIndex":5}
{"msg":"enqueueNode","enqueuedNodeAnnotation":"MovedFromExtractor Library/Bee/artifacts/mvdfrm/UnityEditor.UIBuilderModule.dll_50530A3B7090011F.mvfrm","enqueuedNodeIndex":16,"enqueueingNodeAnnotation":"ScriptAssemblies","enqueueingNodeIndex":5}
{"msg":"enqueueNode","enqueuedNodeAnnotation":"MovedFromExtractor Library/Bee/artifacts/mvdfrm/UnityEditor.UIElementsModule.dll_A4F4540211BBF647.mvfrm","enqueuedNodeIndex":17,"enqueueingNodeAnnotation":"ScriptAssemblies","enqueueingNodeIndex":5}
{"msg":"enqueueNode","enqueuedNodeAnnotation":"MovedFromExtractor Library/Bee/artifacts/mvdfrm/UnityEditor.UIElementsSamplesModule.dll_F447EAC7524A4C96.mvfrm","enqueuedNodeIndex":18,"enqueueingNodeAnnotation":"ScriptAssemblies","enqueueingNodeIndex":5}
{"msg":"enqueueNode","enqueuedNodeAnnotation":"MovedFromExtractor Library/Bee/artifacts/mvdfrm/UnityEditor.UIServiceModule.dll_89451B9E59C75139.mvfrm","enqueuedNodeIndex":19,"enqueueingNodeAnnotation":"ScriptAssemblies","enqueueingNodeIndex":5}
{"msg":"enqueueNode","enqueuedNodeAnnotation":"MovedFromExtractor Library/Bee/artifacts/mvdfrm/UnityEditor.UnityConnectModule.dll_28CD23D82BBF7521.mvfrm","enqueuedNodeIndex":20,"enqueueingNodeAnnotation":"ScriptAssemblies","enqueueingNodeIndex":5}
{"msg":"enqueueNode","enqueuedNodeAnnotation":"MovedFromExtractor Library/Bee/artifacts/mvdfrm/UnityEngine.AccessibilityModule.dll_6A77A658521C20AB.mvfrm","enqueuedNodeIndex":21,"enqueueingNodeAnnotation":"ScriptAssemblies","enqueueingNodeIndex":5}
{"msg":"enqueueNode","enqueuedNodeAnnotation":"MovedFromExtractor Library/Bee/artifacts/mvdfrm/UnityEngine.AIModule.dll_A310B042A1EBAFDF.mvfrm","enqueuedNodeIndex":22,"enqueueingNodeAnnotation":"ScriptAssemblies","enqueueingNodeIndex":5}
{"msg":"enqueueNode","enqueuedNodeAnnotation":"MovedFromExtractor Library/Bee/artifacts/mvdfrm/UnityEngine.AndroidJNIModule.dll_233D3CD55ADB651D.mvfrm","enqueuedNodeIndex":23,"enqueueingNodeAnnotation":"ScriptAssemblies","enqueueingNodeIndex":5}
{"msg":"enqueueNode","enqueuedNodeAnnotation":"MovedFromExtractor Library/Bee/artifacts/mvdfrm/UnityEngine.AnimationModule.dll_CA4FD947D8345C91.mvfrm","enqueuedNodeIndex":24,"enqueueingNodeAnnotation":"ScriptAssemblies","enqueueingNodeIndex":5}
{"msg":"enqueueNode","enqueuedNodeAnnotation":"MovedFromExtractor Library/Bee/artifacts/mvdfrm/UnityEngine.ARModule.dll_5C837545FF090EA8.mvfrm","enqueuedNodeIndex":25,"enqueueingNodeAnnotation":"ScriptAssemblies","enqueueingNodeIndex":5}
{"msg":"enqueueNode","enqueuedNodeAnnotation":"MovedFromExtractor Library/Bee/artifacts/mvdfrm/UnityEngine.AssetBundleModule.dll_72B931B5B3341FDF.mvfrm","enqueuedNodeIndex":26,"enqueueingNodeAnnotation":"ScriptAssemblies","enqueueingNodeIndex":5}
{"msg":"enqueueNode","enqueuedNodeAnnotation":"MovedFromExtractor Library/Bee/artifacts/mvdfrm/UnityEngine.AudioModule.dll_F9F1AD14BC2EB143.mvfrm","enqueuedNodeIndex":27,"enqueueingNodeAnnotation":"ScriptAssemblies","enqueueingNodeIndex":5}
{"msg":"enqueueNode","enqueuedNodeAnnotation":"MovedFromExtractor Library/Bee/artifacts/mvdfrm/UnityEngine.ClothModule.dll_60DA0A0F964B9027.mvfrm","enqueuedNodeIndex":28,"enqueueingNodeAnnotation":"ScriptAssemblies","enqueueingNodeIndex":5}
{"msg":"enqueueNode","enqueuedNodeAnnotation":"MovedFromExtractor Library/Bee/artifacts/mvdfrm/UnityEngine.ClusterInputModule.dll_A86998EDDD4747E7.mvfrm","enqueuedNodeIndex":29,"enqueueingNodeAnnotation":"ScriptAssemblies","enqueueingNodeIndex":5}
{"msg":"enqueueNode","enqueuedNodeAnnotation":"MovedFromExtractor Library/Bee/artifacts/mvdfrm/UnityEngine.ClusterRendererModule.dll_93299B87BC0F2B4A.mvfrm","enqueuedNodeIndex":30,"enqueueingNodeAnnotation":"ScriptAssemblies","enqueueingNodeIndex":5}
{"msg":"enqueueNode","enqueuedNodeAnnotation":"MovedFromExtractor Library/Bee/artifacts/mvdfrm/UnityEngine.CoreModule.dll_365A0B96A7CABC16.mvfrm","enqueuedNodeIndex":31,"enqueueingNodeAnnotation":"ScriptAssemblies","enqueueingNodeIndex":5}
{"msg":"enqueueNode","enqueuedNodeAnnotation":"MovedFromExtractor Library/Bee/artifacts/mvdfrm/UnityEngine.CrashReportingModule.dll_5AE3F286561CB96E.mvfrm","enqueuedNodeIndex":32,"enqueueingNodeAnnotation":"ScriptAssemblies","enqueueingNodeIndex":5}
{"msg":"enqueueNode","enqueuedNodeAnnotation":"MovedFromExtractor Library/Bee/artifacts/mvdfrm/UnityEngine.DirectorModule.dll_FCA5DB4CA5245FB3.mvfrm","enqueuedNodeIndex":33,"enqueueingNodeAnnotation":"ScriptAssemblies","enqueueingNodeIndex":5}
{"msg":"enqueueNode","enqueuedNodeAnnotation":"MovedFromExtractor Library/Bee/artifacts/mvdfrm/UnityEngine.dll_934A1FC882EEF19F.mvfrm","enqueuedNodeIndex":34,"enqueueingNodeAnnotation":"ScriptAssemblies","enqueueingNodeIndex":5}
{"msg":"enqueueNode","enqueuedNodeAnnotation":"MovedFromExtractor Library/Bee/artifacts/mvdfrm/UnityEngine.DSPGraphModule.dll_01F73CB6178530D4.mvfrm","enqueuedNodeIndex":35,"enqueueingNodeAnnotation":"ScriptAssemblies","enqueueingNodeIndex":5}
{"msg":"enqueueNode","enqueuedNodeAnnotation":"MovedFromExtractor Library/Bee/artifacts/mvdfrm/UnityEngine.GameCenterModule.dll_4D8A86F0211C560E.mvfrm","enqueuedNodeIndex":36,"enqueueingNodeAnnotation":"ScriptAssemblies","enqueueingNodeIndex":5}
{"msg":"enqueueNode","enqueuedNodeAnnotation":"MovedFromExtractor Library/Bee/artifacts/mvdfrm/UnityEngine.GIModule.dll_3B4CF9503D9A97F9.mvfrm","enqueuedNodeIndex":37,"enqueueingNodeAnnotation":"ScriptAssemblies","enqueueingNodeIndex":5}
{"msg":"enqueueNode","enqueuedNodeAnnotation":"MovedFromExtractor Library/Bee/artifacts/mvdfrm/UnityEngine.GridModule.dll_13CB2784C01F520D.mvfrm","enqueuedNodeIndex":38,"enqueueingNodeAnnotation":"ScriptAssemblies","enqueueingNodeIndex":5}
{"msg":"enqueueNode","enqueuedNodeAnnotation":"MovedFromExtractor Library/Bee/artifacts/mvdfrm/UnityEngine.HotReloadModule.dll_4B98974DB3677813.mvfrm","enqueuedNodeIndex":39,"enqueueingNodeAnnotation":"ScriptAssemblies","enqueueingNodeIndex":5}
{"msg":"enqueueNode","enqueuedNodeAnnotation":"MovedFromExtractor Library/Bee/artifacts/mvdfrm/UnityEngine.ImageConversionModule.dll_FF1B99383E33E33E.mvfrm","enqueuedNodeIndex":40,"enqueueingNodeAnnotation":"ScriptAssemblies","enqueueingNodeIndex":5}
{"msg":"enqueueNode","enqueuedNodeAnnotation":"MovedFromExtractor Library/Bee/artifacts/mvdfrm/UnityEngine.IMGUIModule.dll_32514C7B82604524.mvfrm","enqueuedNodeIndex":41,"enqueueingNodeAnnotation":"ScriptAssemblies","enqueueingNodeIndex":5}
{"msg":"enqueueNode","enqueuedNodeAnnotation":"MovedFromExtractor Library/Bee/artifacts/mvdfrm/UnityEngine.InputLegacyModule.dll_03FE4CD44B25D5D0.mvfrm","enqueuedNodeIndex":42,"enqueueingNodeAnnotation":"ScriptAssemblies","enqueueingNodeIndex":5}
{"msg":"enqueueNode","enqueuedNodeAnnotation":"MovedFromExtractor Library/Bee/artifacts/mvdfrm/UnityEngine.InputModule.dll_606774C53266D5E7.mvfrm","enqueuedNodeIndex":43,"enqueueingNodeAnnotation":"ScriptAssemblies","enqueueingNodeIndex":5}
{"msg":"enqueueNode","enqueuedNodeAnnotation":"MovedFromExtractor Library/Bee/artifacts/mvdfrm/UnityEngine.JSONSerializeModule.dll_CA8F2F9451578135.mvfrm","enqueuedNodeIndex":44,"enqueueingNodeAnnotation":"ScriptAssemblies","enqueueingNodeIndex":5}
{"msg":"enqueueNode","enqueuedNodeAnnotation":"MovedFromExtractor Library/Bee/artifacts/mvdfrm/UnityEngine.LocalizationModule.dll_E6B6634074C33AE0.mvfrm","enqueuedNodeIndex":45,"enqueueingNodeAnnotation":"ScriptAssemblies","enqueueingNodeIndex":5}
{"msg":"enqueueNode","enqueuedNodeAnnotation":"MovedFromExtractor Library/Bee/artifacts/mvdfrm/UnityEngine.ParticleSystemModule.dll_ADF63BD2C42E44FC.mvfrm","enqueuedNodeIndex":46,"enqueueingNodeAnnotation":"ScriptAssemblies","enqueueingNodeIndex":5}
{"msg":"enqueueNode","enqueuedNodeAnnotation":"MovedFromExtractor Library/Bee/artifacts/mvdfrm/UnityEngine.PerformanceReportingModule.dll_1D736F296517E6D5.mvfrm","enqueuedNodeIndex":47,"enqueueingNodeAnnotation":"ScriptAssemblies","enqueueingNodeIndex":5}
{"msg":"enqueueNode","enqueuedNodeAnnotation":"MovedFromExtractor Library/Bee/artifacts/mvdfrm/UnityEngine.Physics2DModule.dll_16F5C93879315426.mvfrm","enqueuedNodeIndex":48,"enqueueingNodeAnnotation":"ScriptAssemblies","enqueueingNodeIndex":5}
{"msg":"enqueueNode","enqueuedNodeAnnotation":"MovedFromExtractor Library/Bee/artifacts/mvdfrm/UnityEngine.PhysicsModule.dll_2E213311EFF17274.mvfrm","enqueuedNodeIndex":49,"enqueueingNodeAnnotation":"ScriptAssemblies","enqueueingNodeIndex":5}
{"msg":"enqueueNode","enqueuedNodeAnnotation":"MovedFromExtractor Library/Bee/artifacts/mvdfrm/UnityEngine.ProfilerModule.dll_2EEC14833E7DE6C0.mvfrm","enqueuedNodeIndex":50,"enqueueingNodeAnnotation":"ScriptAssemblies","enqueueingNodeIndex":5}
{"msg":"enqueueNode","enqueuedNodeAnnotation":"MovedFromExtractor Library/Bee/artifacts/mvdfrm/UnityEngine.RuntimeInitializeOnLoadManagerInitializerModule.dll_35EF87EFF99010EF.mvfrm","enqueuedNodeIndex":51,"enqueueingNodeAnnotation":"ScriptAssemblies","enqueueingNodeIndex":5}
{"msg":"enqueueNode","enqueuedNodeAnnotation":"MovedFromExtractor Library/Bee/artifacts/mvdfrm/UnityEngine.ScreenCaptureModule.dll_E476DD1965C3AD97.mvfrm","enqueuedNodeIndex":52,"enqueueingNodeAnnotation":"ScriptAssemblies","enqueueingNodeIndex":5}
{"msg":"enqueueNode","enqueuedNodeAnnotation":"MovedFromExtractor Library/Bee/artifacts/mvdfrm/UnityEngine.SharedInternalsModule.dll_832CD80DB561DE8E.mvfrm","enqueuedNodeIndex":53,"enqueueingNodeAnnotation":"ScriptAssemblies","enqueueingNodeIndex":5}
{"msg":"enqueueNode","enqueuedNodeAnnotation":"MovedFromExtractor Library/Bee/artifacts/mvdfrm/UnityEngine.SpriteMaskModule.dll_36B6F980428BEB88.mvfrm","enqueuedNodeIndex":54,"enqueueingNodeAnnotation":"ScriptAssemblies","enqueueingNodeIndex":5}
{"msg":"enqueueNode","enqueuedNodeAnnotation":"MovedFromExtractor Library/Bee/artifacts/mvdfrm/UnityEngine.SpriteShapeModule.dll_8C1A5F1068D657E9.mvfrm","enqueuedNodeIndex":55,"enqueueingNodeAnnotation":"ScriptAssemblies","enqueueingNodeIndex":5}
{"msg":"enqueueNode","enqueuedNodeAnnotation":"MovedFromExtractor Library/Bee/artifacts/mvdfrm/UnityEngine.StreamingModule.dll_7EE4C69827BC13CF.mvfrm","enqueuedNodeIndex":56,"enqueueingNodeAnnotation":"ScriptAssemblies","enqueueingNodeIndex":5}
{"msg":"enqueueNode","enqueuedNodeAnnotation":"MovedFromExtractor Library/Bee/artifacts/mvdfrm/UnityEngine.SubstanceModule.dll_5B8FDAE1730F11DD.mvfrm","enqueuedNodeIndex":57,"enqueueingNodeAnnotation":"ScriptAssemblies","enqueueingNodeIndex":5}
{"msg":"enqueueNode","enqueuedNodeAnnotation":"MovedFromExtractor Library/Bee/artifacts/mvdfrm/UnityEngine.SubsystemsModule.dll_A1645FE210D3D39B.mvfrm","enqueuedNodeIndex":58,"enqueueingNodeAnnotation":"ScriptAssemblies","enqueueingNodeIndex":5}
{"msg":"enqueueNode","enqueuedNodeAnnotation":"MovedFromExtractor Library/Bee/artifacts/mvdfrm/UnityEngine.TerrainModule.dll_4867AE80C5AFBB62.mvfrm","enqueuedNodeIndex":59,"enqueueingNodeAnnotation":"ScriptAssemblies","enqueueingNodeIndex":5}
{"msg":"enqueueNode","enqueuedNodeAnnotation":"MovedFromExtractor Library/Bee/artifacts/mvdfrm/UnityEngine.TerrainPhysicsModule.dll_AE70E4A5DD713F89.mvfrm","enqueuedNodeIndex":60,"enqueueingNodeAnnotation":"ScriptAssemblies","enqueueingNodeIndex":5}
{"msg":"enqueueNode","enqueuedNodeAnnotation":"MovedFromExtractor Library/Bee/artifacts/mvdfrm/UnityEngine.TextCoreFontEngineModule.dll_D229EDB2F2083CD4.mvfrm","enqueuedNodeIndex":61,"enqueueingNodeAnnotation":"ScriptAssemblies","enqueueingNodeIndex":5}
{"msg":"enqueueNode","enqueuedNodeAnnotation":"MovedFromExtractor Library/Bee/artifacts/mvdfrm/UnityEngine.TextCoreTextEngineModule.dll_1A122424818BF5F2.mvfrm","enqueuedNodeIndex":62,"enqueueingNodeAnnotation":"ScriptAssemblies","enqueueingNodeIndex":5}
{"msg":"enqueueNode","enqueuedNodeAnnotation":"MovedFromExtractor Library/Bee/artifacts/mvdfrm/UnityEngine.TextRenderingModule.dll_0DB64F241CFB2D8C.mvfrm","enqueuedNodeIndex":63,"enqueueingNodeAnnotation":"ScriptAssemblies","enqueueingNodeIndex":5}
{"msg":"enqueueNode","enqueuedNodeAnnotation":"MovedFromExtractor Library/Bee/artifacts/mvdfrm/UnityEngine.TilemapModule.dll_E7641601DD6C9C6B.mvfrm","enqueuedNodeIndex":64,"enqueueingNodeAnnotation":"ScriptAssemblies","enqueueingNodeIndex":5}
{"msg":"enqueueNode","enqueuedNodeAnnotation":"MovedFromExtractor Library/Bee/artifacts/mvdfrm/UnityEngine.TLSModule.dll_F0D78BC34B6C0648.mvfrm","enqueuedNodeIndex":65,"enqueueingNodeAnnotation":"ScriptAssemblies","enqueueingNodeIndex":5}
{"msg":"enqueueNode","enqueuedNodeAnnotation":"MovedFromExtractor Library/Bee/artifacts/mvdfrm/UnityEngine.UIElementsModule.dll_A5A2C14A14000F92.mvfrm","enqueuedNodeIndex":66,"enqueueingNodeAnnotation":"ScriptAssemblies","enqueueingNodeIndex":5}
{"msg":"enqueueNode","enqueuedNodeAnnotation":"MovedFromExtractor Library/Bee/artifacts/mvdfrm/UnityEngine.UIElementsNativeModule.dll_7D0BEACF6A7326A9.mvfrm","enqueuedNodeIndex":67,"enqueueingNodeAnnotation":"ScriptAssemblies","enqueueingNodeIndex":5}
{"msg":"enqueueNode","enqueuedNodeAnnotation":"MovedFromExtractor Library/Bee/artifacts/mvdfrm/UnityEngine.UIModule.dll_9E844E6FFE32B58B.mvfrm","enqueuedNodeIndex":68,"enqueueingNodeAnnotation":"ScriptAssemblies","enqueueingNodeIndex":5}
{"msg":"enqueueNode","enqueuedNodeAnnotation":"MovedFromExtractor Library/Bee/artifacts/mvdfrm/UnityEngine.UmbraModule.dll_74C6592D49555CB6.mvfrm","enqueuedNodeIndex":69,"enqueueingNodeAnnotation":"ScriptAssemblies","enqueueingNodeIndex":5}
{"msg":"enqueueNode","enqueuedNodeAnnotation":"MovedFromExtractor Library/Bee/artifacts/mvdfrm/UnityEngine.UNETModule.dll_C900537FF4D9B18F.mvfrm","enqueuedNodeIndex":70,"enqueueingNodeAnnotation":"ScriptAssemblies","enqueueingNodeIndex":5}
{"msg":"enqueueNode","enqueuedNodeAnnotation":"MovedFromExtractor Library/Bee/artifacts/mvdfrm/UnityEngine.UnityAnalyticsCommonModule.dll_B8B22C6D7F008533.mvfrm","enqueuedNodeIndex":71,"enqueueingNodeAnnotation":"ScriptAssemblies","enqueueingNodeIndex":5}
{"msg":"enqueueNode","enqueuedNodeAnnotation":"MovedFromExtractor Library/Bee/artifacts/mvdfrm/UnityEngine.UnityAnalyticsModule.dll_CD95AC9C705596F8.mvfrm","enqueuedNodeIndex":72,"enqueueingNodeAnnotation":"ScriptAssemblies","enqueueingNodeIndex":5}
{"msg":"enqueueNode","enqueuedNodeAnnotation":"MovedFromExtractor Library/Bee/artifacts/mvdfrm/UnityEngine.UnityConnectModule.dll_162CA7E7264775CC.mvfrm","enqueuedNodeIndex":73,"enqueueingNodeAnnotation":"ScriptAssemblies","enqueueingNodeIndex":5}
{"msg":"enqueueNode","enqueuedNodeAnnotation":"MovedFromExtractor Library/Bee/artifacts/mvdfrm/UnityEngine.UnityCurlModule.dll_FD6C7A7948484E7E.mvfrm","enqueuedNodeIndex":74,"enqueueingNodeAnnotation":"ScriptAssemblies","enqueueingNodeIndex":5}
{"msg":"enqueueNode","enqueuedNodeAnnotation":"MovedFromExtractor Library/Bee/artifacts/mvdfrm/UnityEngine.UnityTestProtocolModule.dll_B00AA0B9AC45A1EC.mvfrm","enqueuedNodeIndex":75,"enqueueingNodeAnnotation":"ScriptAssemblies","enqueueingNodeIndex":5}
{"msg":"enqueueNode","enqueuedNodeAnnotation":"MovedFromExtractor Library/Bee/artifacts/mvdfrm/UnityEngine.UnityWebRequestAssetBundleModule.dll_0077E0D121D433C9.mvfrm","enqueuedNodeIndex":76,"enqueueingNodeAnnotation":"ScriptAssemblies","enqueueingNodeIndex":5}
{"msg":"enqueueNode","enqueuedNodeAnnotation":"MovedFromExtractor Library/Bee/artifacts/mvdfrm/UnityEngine.UnityWebRequestAudioModule.dll_956FC307EB82B16D.mvfrm","enqueuedNodeIndex":77,"enqueueingNodeAnnotation":"ScriptAssemblies","enqueueingNodeIndex":5}
{"msg":"enqueueNode","enqueuedNodeAnnotation":"MovedFromExtractor Library/Bee/artifacts/mvdfrm/UnityEngine.UnityWebRequestModule.dll_10BAA0E249287DBD.mvfrm","enqueuedNodeIndex":78,"enqueueingNodeAnnotation":"ScriptAssemblies","enqueueingNodeIndex":5}
{"msg":"enqueueNode","enqueuedNodeAnnotation":"MovedFromExtractor Library/Bee/artifacts/mvdfrm/UnityEngine.UnityWebRequestTextureModule.dll_5B026612F54E66E2.mvfrm","enqueuedNodeIndex":79,"enqueueingNodeAnnotation":"ScriptAssemblies","enqueueingNodeIndex":5}
{"msg":"enqueueNode","enqueuedNodeAnnotation":"MovedFromExtractor Library/Bee/artifacts/mvdfrm/UnityEngine.UnityWebRequestWWWModule.dll_E4D46980714BB25E.mvfrm","enqueuedNodeIndex":80,"enqueueingNodeAnnotation":"ScriptAssemblies","enqueueingNodeIndex":5}
{"msg":"enqueueNode","enqueuedNodeAnnotation":"MovedFromExtractor Library/Bee/artifacts/mvdfrm/UnityEngine.VehiclesModule.dll_7468D4CC1F4E2F4E.mvfrm","enqueuedNodeIndex":81,"enqueueingNodeAnnotation":"ScriptAssemblies","enqueueingNodeIndex":5}
{"msg":"enqueueNode","enqueuedNodeAnnotation":"MovedFromExtractor Library/Bee/artifacts/mvdfrm/UnityEngine.VFXModule.dll_71B6243221D96FB5.mvfrm","enqueuedNodeIndex":82,"enqueueingNodeAnnotation":"ScriptAssemblies","enqueueingNodeIndex":5}
{"msg":"enqueueNode","enqueuedNodeAnnotation":"MovedFromExtractor Library/Bee/artifacts/mvdfrm/UnityEngine.VideoModule.dll_1EFB317F7EC0CCE8.mvfrm","enqueuedNodeIndex":83,"enqueueingNodeAnnotation":"ScriptAssemblies","enqueueingNodeIndex":5}
{"msg":"enqueueNode","enqueuedNodeAnnotation":"MovedFromExtractor Library/Bee/artifacts/mvdfrm/UnityEngine.VirtualTexturingModule.dll_A1989F3E4321A734.mvfrm","enqueuedNodeIndex":84,"enqueueingNodeAnnotation":"ScriptAssemblies","enqueueingNodeIndex":5}
{"msg":"enqueueNode","enqueuedNodeAnnotation":"MovedFromExtractor Library/Bee/artifacts/mvdfrm/UnityEngine.VRModule.dll_F15674F59FED3B03.mvfrm","enqueuedNodeIndex":85,"enqueueingNodeAnnotation":"ScriptAssemblies","enqueueingNodeIndex":5}
{"msg":"enqueueNode","enqueuedNodeAnnotation":"MovedFromExtractor Library/Bee/artifacts/mvdfrm/UnityEngine.WindModule.dll_ACA8E6BF39013A7F.mvfrm","enqueuedNodeIndex":86,"enqueueingNodeAnnotation":"ScriptAssemblies","enqueueingNodeIndex":5}
{"msg":"enqueueNode","enqueuedNodeAnnotation":"MovedFromExtractor Library/Bee/artifacts/mvdfrm/UnityEngine.XRModule.dll_241537FA29278861.mvfrm","enqueuedNodeIndex":87,"enqueueingNodeAnnotation":"ScriptAssemblies","enqueueingNodeIndex":5}
{"msg":"enqueueNode","enqueuedNodeAnnotation":"MovedFromExtractorCombine Library/Bee/artifacts/1900b0aE.dag/UnityEngine.TestRunner.dll.mvfrm","enqueuedNodeIndex":89,"enqueueingNodeAnnotation":"ScriptAssemblies","enqueueingNodeIndex":5}
{"msg":"enqueueNode","enqueuedNodeAnnotation":"WriteText Library/Bee/artifacts/1900b0aE.dag/UnityEngine.TestRunner.dll.mvfrm.rsp","enqueuedNodeIndex":88,"enqueueingNodeAnnotation":"MovedFromExtractorCombine Library/Bee/artifacts/1900b0aE.dag/UnityEngine.TestRunner.dll.mvfrm","enqueueingNodeIndex":89}
{"msg":"enqueueNode","enqueuedNodeAnnotation":"MovedFromExtractor Library/Bee/artifacts/mvdfrm/Unity.Plastic.Antlr3.Runtime.dll_28E6A2A90BC7B50E.mvfrm","enqueuedNodeIndex":93,"enqueueingNodeAnnotation":"ScriptAssemblies","enqueueingNodeIndex":5}
{"msg":"enqueueNode","enqueuedNodeAnnotation":"MovedFromExtractor Library/Bee/artifacts/mvdfrm/Unity.Plastic.Newtonsoft.Json.dll_D741F8B6FA049847.mvfrm","enqueuedNodeIndex":94,"enqueueingNodeAnnotation":"ScriptAssemblies","enqueueingNodeIndex":5}
{"msg":"enqueueNode","enqueuedNodeAnnotation":"MovedFromExtractor Library/Bee/artifacts/mvdfrm/Unity.VisualScripting.IonicZip.dll_6529CE51096701DA.mvfrm","enqueuedNodeIndex":95,"enqueueingNodeAnnotation":"ScriptAssemblies","enqueueingNodeIndex":5}
{"msg":"enqueueNode","enqueuedNodeAnnotation":"MovedFromExtractor Library/Bee/artifacts/mvdfrm/Unity.VisualScripting.YamlDotNet.dll_621896033F2FA8C2.mvfrm","enqueuedNodeIndex":96,"enqueueingNodeAnnotation":"ScriptAssemblies","enqueueingNodeIndex":5}
{"msg":"enqueueNode","enqueuedNodeAnnotation":"MovedFromExtractor Library/Bee/artifacts/mvdfrm/Unity.VisualScripting.TextureAssets.dll_F936BF56FFFD06BA.mvfrm","enqueuedNodeIndex":97,"enqueueingNodeAnnotation":"ScriptAssemblies","enqueueingNodeIndex":5}
{"msg":"enqueueNode","enqueuedNodeAnnotation":"MovedFromExtractor Library/Bee/artifacts/mvdfrm/Unity.VisualScripting.Antlr3.Runtime.dll_1385BCE46FF8B8E1.mvfrm","enqueuedNodeIndex":98,"enqueueingNodeAnnotation":"ScriptAssemblies","enqueueingNodeIndex":5}
{"msg":"enqueueNode","enqueuedNodeAnnotation":"MovedFromExtractorCombine Library/Bee/artifacts/1900b0aE.dag/UnityEngine.UI.dll.mvfrm","enqueuedNodeIndex":100,"enqueueingNodeAnnotation":"ScriptAssemblies","enqueueingNodeIndex":5}
{"msg":"enqueueNode","enqueuedNodeAnnotation":"WriteText Library/Bee/artifacts/1900b0aE.dag/UnityEngine.UI.dll.mvfrm.rsp","enqueuedNodeIndex":99,"enqueueingNodeAnnotation":"MovedFromExtractorCombine Library/Bee/artifacts/1900b0aE.dag/UnityEngine.UI.dll.mvfrm","enqueueingNodeIndex":100}
{"msg":"enqueueNode","enqueuedNodeAnnotation":"MovedFromExtractor Library/Bee/artifacts/mvdfrm/UnityEngine.TestRunner.ref.dll_E55D0F7C63F01D9E.mvfrm","enqueuedNodeIndex":104,"enqueueingNodeAnnotation":"ScriptAssemblies","enqueueingNodeIndex":5}
{"msg":"enqueueNode","enqueuedNodeAnnotation":"Csc Library/Bee/artifacts/1900b0aE.dag/UnityEngine.TestRunner.dll (+2 others)","enqueuedNodeIndex":3,"enqueueingNodeAnnotation":"MovedFromExtractor Library/Bee/artifacts/mvdfrm/UnityEngine.TestRunner.ref.dll_E55D0F7C63F01D9E.mvfrm","enqueueingNodeIndex":104}
{"msg":"enqueueNode","enqueuedNodeAnnotation":"WriteText Library/Bee/artifacts/1900b0aE.dag/UnityEngine.TestRunner.AdditionalFile.txt","enqueuedNodeIndex":1,"enqueueingNodeAnnotation":"Csc Library/Bee/artifacts/1900b0aE.dag/UnityEngine.TestRunner.dll (+2 others)","enqueueingNodeIndex":3}
{"msg":"enqueueNode","enqueuedNodeAnnotation":"WriteText Library/Bee/artifacts/1900b0aE.dag/UnityEngine.TestRunner.rsp","enqueuedNodeIndex":2,"enqueueingNodeAnnotation":"Csc Library/Bee/artifacts/1900b0aE.dag/UnityEngine.TestRunner.dll (+2 others)","enqueueingNodeIndex":3}
{"msg":"enqueueNode","enqueuedNodeAnnotation":"MovedFromExtractor Library/Bee/artifacts/mvdfrm/UnityEngine.NVIDIAModule.dll_02AD922564B9EF42.mvfrm","enqueuedNodeIndex":105,"enqueueingNodeAnnotation":"ScriptAssemblies","enqueueingNodeIndex":5}
{"msg":"enqueueNode","enqueuedNodeAnnotation":"MovedFromExtractorCombine Library/Bee/artifacts/1900b0aE.dag/UnityEditor.TestRunner.dll.mvfrm","enqueuedNodeIndex":107,"enqueueingNodeAnnotation":"ScriptAssemblies","enqueueingNodeIndex":5}
{"msg":"enqueueNode","enqueuedNodeAnnotation":"WriteText Library/Bee/artifacts/1900b0aE.dag/UnityEditor.TestRunner.dll.mvfrm.rsp","enqueuedNodeIndex":106,"enqueueingNodeAnnotation":"MovedFromExtractorCombine Library/Bee/artifacts/1900b0aE.dag/UnityEditor.TestRunner.dll.mvfrm","enqueueingNodeIndex":107}
{"msg":"enqueueNode","enqueuedNodeAnnotation":"MovedFromExtractor Library/Bee/artifacts/mvdfrm/UnityEditor.TestRunner.ref.dll_193EC4CE382CBFB3.mvfrm","enqueuedNodeIndex":111,"enqueueingNodeAnnotation":"ScriptAssemblies","enqueueingNodeIndex":5}
{"msg":"enqueueNode","enqueuedNodeAnnotation":"Csc Library/Bee/artifacts/1900b0aE.dag/UnityEditor.TestRunner.dll (+2 others)","enqueuedNodeIndex":103,"enqueueingNodeAnnotation":"MovedFromExtractor Library/Bee/artifacts/mvdfrm/UnityEditor.TestRunner.ref.dll_193EC4CE382CBFB3.mvfrm","enqueueingNodeIndex":111}
{"msg":"enqueueNode","enqueuedNodeAnnotation":"WriteText Library/Bee/artifacts/1900b0aE.dag/UnityEditor.TestRunner.AdditionalFile.txt","enqueuedNodeIndex":101,"enqueueingNodeAnnotation":"Csc Library/Bee/artifacts/1900b0aE.dag/UnityEditor.TestRunner.dll (+2 others)","enqueueingNodeIndex":103}
{"msg":"enqueueNode","enqueuedNodeAnnotation":"WriteText Library/Bee/artifacts/1900b0aE.dag/UnityEditor.TestRunner.rsp","enqueuedNodeIndex":102,"enqueueingNodeAnnotation":"Csc Library/Bee/artifacts/1900b0aE.dag/UnityEditor.TestRunner.dll (+2 others)","enqueueingNodeIndex":103}
{"msg":"enqueueNode","enqueuedNodeAnnotation":"MovedFromExtractor Library/Bee/artifacts/mvdfrm/UnityEngine.UI.ref.dll_08FEAA520A2EFD60.mvfrm","enqueuedNodeIndex":112,"enqueueingNodeAnnotation":"ScriptAssemblies","enqueueingNodeIndex":5}
{"msg":"enqueueNode","enqueuedNodeAnnotation":"Csc Library/Bee/artifacts/1900b0aE.dag/UnityEngine.UI.dll (+2 others)","enqueuedNodeIndex":92,"enqueueingNodeAnnotation":"MovedFromExtractor Library/Bee/artifacts/mvdfrm/UnityEngine.UI.ref.dll_08FEAA520A2EFD60.mvfrm","enqueueingNodeIndex":112}
{"msg":"enqueueNode","enqueuedNodeAnnotation":"WriteText Library/Bee/artifacts/1900b0aE.dag/UnityEngine.UI.AdditionalFile.txt","enqueuedNodeIndex":90,"enqueueingNodeAnnotation":"Csc Library/Bee/artifacts/1900b0aE.dag/UnityEngine.UI.dll (+2 others)","enqueueingNodeIndex":92}
{"msg":"enqueueNode","enqueuedNodeAnnotation":"WriteText Library/Bee/artifacts/1900b0aE.dag/UnityEngine.UI.rsp","enqueuedNodeIndex":91,"enqueueingNodeAnnotation":"Csc Library/Bee/artifacts/1900b0aE.dag/UnityEngine.UI.dll (+2 others)","enqueueingNodeIndex":92}
{"msg":"enqueueNode","enqueuedNodeAnnotation":"MovedFromExtractorCombine Library/Bee/artifacts/1900b0aE.dag/UnityEditor.UI.dll.mvfrm","enqueuedNodeIndex":114,"enqueueingNodeAnnotation":"ScriptAssemblies","enqueueingNodeIndex":5}
{"msg":"enqueueNode","enqueuedNodeAnnotation":"WriteText Library/Bee/artifacts/1900b0aE.dag/UnityEditor.UI.dll.mvfrm.rsp","enqueuedNodeIndex":113,"enqueueingNodeAnnotation":"MovedFromExtractorCombine Library/Bee/artifacts/1900b0aE.dag/UnityEditor.UI.dll.mvfrm","enqueueingNodeIndex":114}
{"msg":"enqueueNode","enqueuedNodeAnnotation":"MovedFromExtractor Library/Bee/artifacts/mvdfrm/UnityEditor.UI.ref.dll_4C98D3F7040CD4F5.mvfrm","enqueuedNodeIndex":118,"enqueueingNodeAnnotation":"ScriptAssemblies","enqueueingNodeIndex":5}
{"msg":"enqueueNode","enqueuedNodeAnnotation":"Csc Library/Bee/artifacts/1900b0aE.dag/UnityEditor.UI.dll (+2 others)","enqueuedNodeIndex":110,"enqueueingNodeAnnotation":"MovedFromExtractor Library/Bee/artifacts/mvdfrm/UnityEditor.UI.ref.dll_4C98D3F7040CD4F5.mvfrm","enqueueingNodeIndex":118}
{"msg":"enqueueNode","enqueuedNodeAnnotation":"WriteText Library/Bee/artifacts/1900b0aE.dag/UnityEditor.UI.AdditionalFile.txt","enqueuedNodeIndex":108,"enqueueingNodeAnnotation":"Csc Library/Bee/artifacts/1900b0aE.dag/UnityEditor.UI.dll (+2 others)","enqueueingNodeIndex":110}
{"msg":"enqueueNode","enqueuedNodeAnnotation":"WriteText Library/Bee/artifacts/1900b0aE.dag/UnityEditor.UI.rsp","enqueuedNodeIndex":109,"enqueueingNodeAnnotation":"Csc Library/Bee/artifacts/1900b0aE.dag/UnityEditor.UI.dll (+2 others)","enqueueingNodeIndex":110}
{"msg":"enqueueNode","enqueuedNodeAnnotation":"MovedFromExtractorCombine Library/Bee/artifacts/1900b0aE.dag/Unity.EditorCoroutines.Editor.dll.mvfrm","enqueuedNodeIndex":120,"enqueueingNodeAnnotation":"ScriptAssemblies","enqueueingNodeIndex":5}
{"msg":"enqueueNode","enqueuedNodeAnnotation":"WriteText Library/Bee/artifacts/1900b0aE.dag/Unity.EditorCoroutines.Editor.dll.mvfrm.rsp","enqueuedNodeIndex":119,"enqueueingNodeAnnotation":"MovedFromExtractorCombine Library/Bee/artifacts/1900b0aE.dag/Unity.EditorCoroutines.Editor.dll.mvfrm","enqueueingNodeIndex":120}
{"msg":"enqueueNode","enqueuedNodeAnnotation":"MovedFromExtractorCombine Library/Bee/artifacts/1900b0aE.dag/Unity.Performance.Profile-Analyzer.Editor.dll.mvfrm","enqueuedNodeIndex":125,"enqueueingNodeAnnotation":"ScriptAssemblies","enqueueingNodeIndex":5}
{"msg":"enqueueNode","enqueuedNodeAnnotation":"WriteText Library/Bee/artifacts/1900b0aE.dag/Unity.Performance.Profile-Analyzer.Editor.dll.mvfrm.rsp","enqueuedNodeIndex":124,"enqueueingNodeAnnotation":"MovedFromExtractorCombine Library/Bee/artifacts/1900b0aE.dag/Unity.Performance.Profile-Analyzer.Editor.dll.mvfrm","enqueueingNodeIndex":125}
{"msg":"enqueueNode","enqueuedNodeAnnotation":"MovedFromExtractorCombine Library/Bee/artifacts/1900b0aE.dag/Unity.PlasticSCM.Editor.dll.mvfrm","enqueuedNodeIndex":130,"enqueueingNodeAnnotation":"ScriptAssemblies","enqueueingNodeIndex":5}
{"msg":"enqueueNode","enqueuedNodeAnnotation":"WriteText Library/Bee/artifacts/1900b0aE.dag/Unity.PlasticSCM.Editor.dll.mvfrm.rsp","enqueuedNodeIndex":129,"enqueueingNodeAnnotation":"MovedFromExtractorCombine Library/Bee/artifacts/1900b0aE.dag/Unity.PlasticSCM.Editor.dll.mvfrm","enqueueingNodeIndex":130}
{"msg":"enqueueNode","enqueuedNodeAnnotation":"MovedFromExtractorCombine Library/Bee/artifacts/1900b0aE.dag/Unity.Rider.Editor.dll.mvfrm","enqueuedNodeIndex":135,"enqueueingNodeAnnotation":"ScriptAssemblies","enqueueingNodeIndex":5}
{"msg":"enqueueNode","enqueuedNodeAnnotation":"WriteText Library/Bee/artifacts/1900b0aE.dag/Unity.Rider.Editor.dll.mvfrm.rsp","enqueuedNodeIndex":134,"enqueueingNodeAnnotation":"MovedFromExtractorCombine Library/Bee/artifacts/1900b0aE.dag/Unity.Rider.Editor.dll.mvfrm","enqueueingNodeIndex":135}
{"msg":"enqueueNode","enqueuedNodeAnnotation":"MovedFromExtractorCombine Library/Bee/artifacts/1900b0aE.dag/Unity.Settings.Editor.dll.mvfrm","enqueuedNodeIndex":140,"enqueueingNodeAnnotation":"ScriptAssemblies","enqueueingNodeIndex":5}
{"msg":"enqueueNode","enqueuedNodeAnnotation":"WriteText Library/Bee/artifacts/1900b0aE.dag/Unity.Settings.Editor.dll.mvfrm.rsp","enqueuedNodeIndex":139,"enqueueingNodeAnnotation":"MovedFromExtractorCombine Library/Bee/artifacts/1900b0aE.dag/Unity.Settings.Editor.dll.mvfrm","enqueueingNodeIndex":140}
{"msg":"enqueueNode","enqueuedNodeAnnotation":"MovedFromExtractorCombine Library/Bee/artifacts/1900b0aE.dag/Unity.TestTools.CodeCoverage.Editor.OpenCover.Model.dll.mvfrm","enqueuedNodeIndex":145,"enqueueingNodeAnnotation":"ScriptAssemblies","enqueueingNodeIndex":5}
{"msg":"enqueueNode","enqueuedNodeAnnotation":"WriteText Library/Bee/artifacts/1900b0aE.dag/Unity.TestTools.CodeCoverage.Editor.OpenCover.Model.dll.mvfrm.rsp","enqueuedNodeIndex":144,"enqueueingNodeAnnotation":"MovedFromExtractorCombine Library/Bee/artifacts/1900b0aE.dag/Unity.TestTools.CodeCoverage.Editor.OpenCover.Model.dll.mvfrm","enqueueingNodeIndex":145}
{"msg":"enqueueNode","enqueuedNodeAnnotation":"MovedFromExtractorCombine Library/Bee/artifacts/1900b0aE.dag/Unity.TestTools.CodeCoverage.Editor.OpenCover.Mono.Reflection.dll.mvfrm","enqueuedNodeIndex":150,"enqueueingNodeAnnotation":"ScriptAssemblies","enqueueingNodeIndex":5}
{"msg":"enqueueNode","enqueuedNodeAnnotation":"WriteText Library/Bee/artifacts/1900b0aE.dag/Unity.TestTools.CodeCoverage.Editor.OpenCover.Mono.Reflection.dll.mvfrm.rsp","enqueuedNodeIndex":149,"enqueueingNodeAnnotation":"MovedFromExtractorCombine Library/Bee/artifacts/1900b0aE.dag/Unity.TestTools.CodeCoverage.Editor.OpenCover.Mono.Reflection.dll.mvfrm","enqueueingNodeIndex":150}
{"msg":"enqueueNode","enqueuedNodeAnnotation":"MovedFromExtractorCombine Library/Bee/artifacts/1900b0aE.dag/Unity.TextMeshPro.dll.mvfrm","enqueuedNodeIndex":155,"enqueueingNodeAnnotation":"ScriptAssemblies","enqueueingNodeIndex":5}
{"msg":"enqueueNode","enqueuedNodeAnnotation":"WriteText Library/Bee/artifacts/1900b0aE.dag/Unity.TextMeshPro.dll.mvfrm.rsp","enqueuedNodeIndex":154,"enqueueingNodeAnnotation":"MovedFromExtractorCombine Library/Bee/artifacts/1900b0aE.dag/Unity.TextMeshPro.dll.mvfrm","enqueueingNodeIndex":155}
{"msg":"enqueueNode","enqueuedNodeAnnotation":"MovedFromExtractorCombine Library/Bee/artifacts/1900b0aE.dag/Unity.Timeline.dll.mvfrm","enqueuedNodeIndex":160,"enqueueingNodeAnnotation":"ScriptAssemblies","enqueueingNodeIndex":5}
{"msg":"enqueueNode","enqueuedNodeAnnotation":"WriteText Library/Bee/artifacts/1900b0aE.dag/Unity.Timeline.dll.mvfrm.rsp","enqueuedNodeIndex":159,"enqueueingNodeAnnotation":"MovedFromExtractorCombine Library/Bee/artifacts/1900b0aE.dag/Unity.Timeline.dll.mvfrm","enqueueingNodeIndex":160}
{"msg":"enqueueNode","enqueuedNodeAnnotation":"MovedFromExtractorCombine Library/Bee/artifacts/1900b0aE.dag/Unity.VSCode.Editor.dll.mvfrm","enqueuedNodeIndex":165,"enqueueingNodeAnnotation":"ScriptAssemblies","enqueueingNodeIndex":5}
{"msg":"enqueueNode","enqueuedNodeAnnotation":"WriteText Library/Bee/artifacts/1900b0aE.dag/Unity.VSCode.Editor.dll.mvfrm.rsp","enqueuedNodeIndex":164,"enqueueingNodeAnnotation":"MovedFromExtractorCombine Library/Bee/artifacts/1900b0aE.dag/Unity.VSCode.Editor.dll.mvfrm","enqueueingNodeIndex":165}
{"msg":"enqueueNode","enqueuedNodeAnnotation":"MovedFromExtractorCombine Library/Bee/artifacts/1900b0aE.dag/Unity.VisualScripting.Core.dll.mvfrm","enqueuedNodeIndex":170,"enqueueingNodeAnnotation":"ScriptAssemblies","enqueueingNodeIndex":5}
{"msg":"enqueueNode","enqueuedNodeAnnotation":"WriteText Library/Bee/artifacts/1900b0aE.dag/Unity.VisualScripting.Core.dll.mvfrm.rsp","enqueuedNodeIndex":169,"enqueueingNodeAnnotation":"MovedFromExtractorCombine Library/Bee/artifacts/1900b0aE.dag/Unity.VisualScripting.Core.dll.mvfrm","enqueueingNodeIndex":170}
{"msg":"enqueueNode","enqueuedNodeAnnotation":"MovedFromExtractorCombine Library/Bee/artifacts/1900b0aE.dag/Unity.VisualStudio.Editor.dll.mvfrm","enqueuedNodeIndex":175,"enqueueingNodeAnnotation":"ScriptAssemblies","enqueueingNodeIndex":5}
{"msg":"enqueueNode","enqueuedNodeAnnotation":"WriteText Library/Bee/artifacts/1900b0aE.dag/Unity.VisualStudio.Editor.dll.mvfrm.rsp","enqueuedNodeIndex":174,"enqueueingNodeAnnotation":"MovedFromExtractorCombine Library/Bee/artifacts/1900b0aE.dag/Unity.VisualStudio.Editor.dll.mvfrm","enqueueingNodeIndex":175}
{"msg":"enqueueNode","enqueuedNodeAnnotation":"MovedFromExtractor Library/Bee/artifacts/mvdfrm/Unity.PlasticSCM.Editor.ref.dll_257AEB342BE77856.mvfrm","enqueuedNodeIndex":179,"enqueueingNodeAnnotation":"ScriptAssemblies","enqueueingNodeIndex":5}
{"msg":"enqueueNode","enqueuedNodeAnnotation":"Csc Library/Bee/artifacts/1900b0aE.dag/Unity.PlasticSCM.Editor.dll (+2 others)","enqueuedNodeIndex":128,"enqueueingNodeAnnotation":"MovedFromExtractor Library/Bee/artifacts/mvdfrm/Unity.PlasticSCM.Editor.ref.dll_257AEB342BE77856.mvfrm","enqueueingNodeIndex":179}
{"msg":"enqueueNode","enqueuedNodeAnnotation":"WriteText Library/Bee/artifacts/1900b0aE.dag/Unity.PlasticSCM.Editor.AdditionalFile.txt","enqueuedNodeIndex":126,"enqueueingNodeAnnotation":"Csc Library/Bee/artifacts/1900b0aE.dag/Unity.PlasticSCM.Editor.dll (+2 others)","enqueueingNodeIndex":128}
{"msg":"enqueueNode","enqueuedNodeAnnotation":"WriteText Library/Bee/artifacts/1900b0aE.dag/Unity.PlasticSCM.Editor.rsp","enqueuedNodeIndex":127,"enqueueingNodeAnnotation":"Csc Library/Bee/artifacts/1900b0aE.dag/Unity.PlasticSCM.Editor.dll (+2 others)","enqueueingNodeIndex":128}
{"msg":"enqueueNode","enqueuedNodeAnnotation":"MovedFromExtractorCombine Library/Bee/artifacts/1900b0aE.dag/Unity.CollabProxy.Editor.dll.mvfrm","enqueuedNodeIndex":181,"enqueueingNodeAnnotation":"ScriptAssemblies","enqueueingNodeIndex":5}
{"msg":"enqueueNode","enqueuedNodeAnnotation":"WriteText Library/Bee/artifacts/1900b0aE.dag/Unity.CollabProxy.Editor.dll.mvfrm.rsp","enqueuedNodeIndex":180,"enqueueingNodeAnnotation":"MovedFromExtractorCombine Library/Bee/artifacts/1900b0aE.dag/Unity.CollabProxy.Editor.dll.mvfrm","enqueueingNodeIndex":181}
{"msg":"enqueueNode","enqueuedNodeAnnotation":"MovedFromExtractor Library/Bee/artifacts/mvdfrm/Unity.Settings.Editor.ref.dll_7F5B154C05A780B0.mvfrm","enqueuedNodeIndex":185,"enqueueingNodeAnnotation":"ScriptAssemblies","enqueueingNodeIndex":5}
{"msg":"enqueueNode","enqueuedNodeAnnotation":"Csc Library/Bee/artifacts/1900b0aE.dag/Unity.Settings.Editor.dll (+2 others)","enqueuedNodeIndex":138,"enqueueingNodeAnnotation":"MovedFromExtractor Library/Bee/artifacts/mvdfrm/Unity.Settings.Editor.ref.dll_7F5B154C05A780B0.mvfrm","enqueueingNodeIndex":185}
{"msg":"enqueueNode","enqueuedNodeAnnotation":"WriteText Library/Bee/artifacts/1900b0aE.dag/Unity.Settings.Editor.AdditionalFile.txt","enqueuedNodeIndex":136,"enqueueingNodeAnnotation":"Csc Library/Bee/artifacts/1900b0aE.dag/Unity.Settings.Editor.dll (+2 others)","enqueueingNodeIndex":138}
{"msg":"enqueueNode","enqueuedNodeAnnotation":"WriteText Library/Bee/artifacts/1900b0aE.dag/Unity.Settings.Editor.rsp","enqueuedNodeIndex":137,"enqueueingNodeAnnotation":"Csc Library/Bee/artifacts/1900b0aE.dag/Unity.Settings.Editor.dll (+2 others)","enqueueingNodeIndex":138}
{"msg":"enqueueNode","enqueuedNodeAnnotation":"MovedFromExtractor Library/Bee/artifacts/mvdfrm/Unity.TestTools.CodeCoverage.Editor.OpenCover.Model.ref.dll_D3B9364D6FB03093.mvfrm","enqueuedNodeIndex":186,"enqueueingNodeAnnotation":"ScriptAssemblies","enqueueingNodeIndex":5}
{"msg":"enqueueNode","enqueuedNodeAnnotation":"Csc Library/Bee/artifacts/1900b0aE.dag/Unity.TestTools.CodeCoverage.Editor.OpenCover.Model.dll (+2 others)","enqueuedNodeIndex":143,"enqueueingNodeAnnotation":"MovedFromExtractor Library/Bee/artifacts/mvdfrm/Unity.TestTools.CodeCoverage.Editor.OpenCover.Model.ref.dll_D3B9364D6FB03093.mvfrm","enqueueingNodeIndex":186}
{"msg":"enqueueNode","enqueuedNodeAnnotation":"WriteText Library/Bee/artifacts/1900b0aE.dag/Unity.TestTools.CodeCoverage.Editor.OpenCover.Model.AdditionalFile.txt","enqueuedNodeIndex":141,"enqueueingNodeAnnotation":"Csc Library/Bee/artifacts/1900b0aE.dag/Unity.TestTools.CodeCoverage.Editor.OpenCover.Model.dll (+2 others)","enqueueingNodeIndex":143}
{"msg":"enqueueNode","enqueuedNodeAnnotation":"WriteText Library/Bee/artifacts/1900b0aE.dag/Unity.TestTools.CodeCoverage.Editor.OpenCover.Model.rsp","enqueuedNodeIndex":142,"enqueueingNodeAnnotation":"Csc Library/Bee/artifacts/1900b0aE.dag/Unity.TestTools.CodeCoverage.Editor.OpenCover.Model.dll (+2 others)","enqueueingNodeIndex":143}
{"msg":"enqueueNode","enqueuedNodeAnnotation":"MovedFromExtractor Library/Bee/artifacts/mvdfrm/Unity.TestTools.CodeCoverage.Editor.OpenCover.Mono.Reflection.ref.dll_E668CD773429A040.mvfrm","enqueuedNodeIndex":187,"enqueueingNodeAnnotation":"ScriptAssemblies","enqueueingNodeIndex":5}
{"msg":"enqueueNode","enqueuedNodeAnnotation":"Csc Library/Bee/artifacts/1900b0aE.dag/Unity.TestTools.CodeCoverage.Editor.OpenCover.Mono.Reflection.dll (+2 others)","enqueuedNodeIndex":148,"enqueueingNodeAnnotation":"MovedFromExtractor Library/Bee/artifacts/mvdfrm/Unity.TestTools.CodeCoverage.Editor.OpenCover.Mono.Reflection.ref.dll_E668CD773429A040.mvfrm","enqueueingNodeIndex":187}
{"msg":"enqueueNode","enqueuedNodeAnnotation":"WriteText Library/Bee/artifacts/1900b0aE.dag/Unity.TestTools.CodeCoverage.Editor.OpenCover.Mono.Reflection.AdditionalFile.txt","enqueuedNodeIndex":146,"enqueueingNodeAnnotation":"Csc Library/Bee/artifacts/1900b0aE.dag/Unity.TestTools.CodeCoverage.Editor.OpenCover.Mono.Reflection.dll (+2 others)","enqueueingNodeIndex":148}
{"msg":"enqueueNode","enqueuedNodeAnnotation":"WriteText Library/Bee/artifacts/1900b0aE.dag/Unity.TestTools.CodeCoverage.Editor.OpenCover.Mono.Reflection.rsp","enqueuedNodeIndex":147,"enqueueingNodeAnnotation":"Csc Library/Bee/artifacts/1900b0aE.dag/Unity.TestTools.CodeCoverage.Editor.OpenCover.Mono.Reflection.dll (+2 others)","enqueueingNodeIndex":148}
{"msg":"enqueueNode","enqueuedNodeAnnotation":"MovedFromExtractorCombine Library/Bee/artifacts/1900b0aE.dag/Unity.TestTools.CodeCoverage.Editor.dll.mvfrm","enqueuedNodeIndex":189,"enqueueingNodeAnnotation":"ScriptAssemblies","enqueueingNodeIndex":5}
{"msg":"enqueueNode","enqueuedNodeAnnotation":"WriteText Library/Bee/artifacts/1900b0aE.dag/Unity.TestTools.CodeCoverage.Editor.dll.mvfrm.rsp","enqueuedNodeIndex":188,"enqueueingNodeAnnotation":"MovedFromExtractorCombine Library/Bee/artifacts/1900b0aE.dag/Unity.TestTools.CodeCoverage.Editor.dll.mvfrm","enqueueingNodeIndex":189}
{"msg":"enqueueNode","enqueuedNodeAnnotation":"MovedFromExtractor Library/Bee/artifacts/mvdfrm/Unity.TextMeshPro.ref.dll_84A4293DBDD182DB.mvfrm","enqueuedNodeIndex":193,"enqueueingNodeAnnotation":"ScriptAssemblies","enqueueingNodeIndex":5}
{"msg":"enqueueNode","enqueuedNodeAnnotation":"Csc Library/Bee/artifacts/1900b0aE.dag/Unity.TextMeshPro.dll (+2 others)","enqueuedNodeIndex":153,"enqueueingNodeAnnotation":"MovedFromExtractor Library/Bee/artifacts/mvdfrm/Unity.TextMeshPro.ref.dll_84A4293DBDD182DB.mvfrm","enqueueingNodeIndex":193}
{"msg":"enqueueNode","enqueuedNodeAnnotation":"WriteText Library/Bee/artifacts/1900b0aE.dag/Unity.TextMeshPro.AdditionalFile.txt","enqueuedNodeIndex":151,"enqueueingNodeAnnotation":"Csc Library/Bee/artifacts/1900b0aE.dag/Unity.TextMeshPro.dll (+2 others)","enqueueingNodeIndex":153}
{"msg":"enqueueNode","enqueuedNodeAnnotation":"WriteText Library/Bee/artifacts/1900b0aE.dag/Unity.TextMeshPro.rsp","enqueuedNodeIndex":152,"enqueueingNodeAnnotation":"Csc Library/Bee/artifacts/1900b0aE.dag/Unity.TextMeshPro.dll (+2 others)","enqueueingNodeIndex":153}
{"msg":"enqueueNode","enqueuedNodeAnnotation":"MovedFromExtractorCombine Library/Bee/artifacts/1900b0aE.dag/Unity.TextMeshPro.Editor.dll.mvfrm","enqueuedNodeIndex":195,"enqueueingNodeAnnotation":"ScriptAssemblies","enqueueingNodeIndex":5}
{"msg":"enqueueNode","enqueuedNodeAnnotation":"WriteText Library/Bee/artifacts/1900b0aE.dag/Unity.TextMeshPro.Editor.dll.mvfrm.rsp","enqueuedNodeIndex":194,"enqueueingNodeAnnotation":"MovedFromExtractorCombine Library/Bee/artifacts/1900b0aE.dag/Unity.TextMeshPro.Editor.dll.mvfrm","enqueueingNodeIndex":195}
{"msg":"enqueueNode","enqueuedNodeAnnotation":"MovedFromExtractor Library/Bee/artifacts/mvdfrm/Unity.Timeline.ref.dll_621CDDF9C514DF8F.mvfrm","enqueuedNodeIndex":199,"enqueueingNodeAnnotation":"ScriptAssemblies","enqueueingNodeIndex":5}
{"msg":"enqueueNode","enqueuedNodeAnnotation":"Csc Library/Bee/artifacts/1900b0aE.dag/Unity.Timeline.dll (+2 others)","enqueuedNodeIndex":158,"enqueueingNodeAnnotation":"MovedFromExtractor Library/Bee/artifacts/mvdfrm/Unity.Timeline.ref.dll_621CDDF9C514DF8F.mvfrm","enqueueingNodeIndex":199}
{"msg":"enqueueNode","enqueuedNodeAnnotation":"WriteText Library/Bee/artifacts/1900b0aE.dag/Unity.Timeline.AdditionalFile.txt","enqueuedNodeIndex":156,"enqueueingNodeAnnotation":"Csc Library/Bee/artifacts/1900b0aE.dag/Unity.Timeline.dll (+2 others)","enqueueingNodeIndex":158}
{"msg":"enqueueNode","enqueuedNodeAnnotation":"WriteText Library/Bee/artifacts/1900b0aE.dag/Unity.Timeline.rsp","enqueuedNodeIndex":157,"enqueueingNodeAnnotation":"Csc Library/Bee/artifacts/1900b0aE.dag/Unity.Timeline.dll (+2 others)","enqueueingNodeIndex":158}
{"msg":"enqueueNode","enqueuedNodeAnnotation":"MovedFromExtractorCombine Library/Bee/artifacts/1900b0aE.dag/Unity.Timeline.Editor.dll.mvfrm","enqueuedNodeIndex":201,"enqueueingNodeAnnotation":"ScriptAssemblies","enqueueingNodeIndex":5}
{"msg":"enqueueNode","enqueuedNodeAnnotation":"WriteText Library/Bee/artifacts/1900b0aE.dag/Unity.Timeline.Editor.dll.mvfrm.rsp","enqueuedNodeIndex":200,"enqueueingNodeAnnotation":"MovedFromExtractorCombine Library/Bee/artifacts/1900b0aE.dag/Unity.Timeline.Editor.dll.mvfrm","enqueueingNodeIndex":201}
{"msg":"enqueueNode","enqueuedNodeAnnotation":"MovedFromExtractor Library/Bee/artifacts/mvdfrm/Unity.VisualScripting.Core.ref.dll_D75DF4EA1AFE54F4.mvfrm","enqueuedNodeIndex":205,"enqueueingNodeAnnotation":"ScriptAssemblies","enqueueingNodeIndex":5}
{"msg":"enqueueNode","enqueuedNodeAnnotation":"Csc Library/Bee/artifacts/1900b0aE.dag/Unity.VisualScripting.Core.dll (+2 others)","enqueuedNodeIndex":168,"enqueueingNodeAnnotation":"MovedFromExtractor Library/Bee/artifacts/mvdfrm/Unity.VisualScripting.Core.ref.dll_D75DF4EA1AFE54F4.mvfrm","enqueueingNodeIndex":205}
{"msg":"enqueueNode","enqueuedNodeAnnotation":"WriteText Library/Bee/artifacts/1900b0aE.dag/Unity.VisualScripting.Core.AdditionalFile.txt","enqueuedNodeIndex":166,"enqueueingNodeAnnotation":"Csc Library/Bee/artifacts/1900b0aE.dag/Unity.VisualScripting.Core.dll (+2 others)","enqueueingNodeIndex":168}
{"msg":"enqueueNode","enqueuedNodeAnnotation":"WriteText Library/Bee/artifacts/1900b0aE.dag/Unity.VisualScripting.Core.rsp","enqueuedNodeIndex":167,"enqueueingNodeAnnotation":"Csc Library/Bee/artifacts/1900b0aE.dag/Unity.VisualScripting.Core.dll (+2 others)","enqueueingNodeIndex":168}
{"msg":"enqueueNode","enqueuedNodeAnnotation":"MovedFromExtractorCombine Library/Bee/artifacts/1900b0aE.dag/Unity.VisualScripting.Core.Editor.dll.mvfrm","enqueuedNodeIndex":207,"enqueueingNodeAnnotation":"ScriptAssemblies","enqueueingNodeIndex":5}
{"msg":"enqueueNode","enqueuedNodeAnnotation":"WriteText Library/Bee/artifacts/1900b0aE.dag/Unity.VisualScripting.Core.Editor.dll.mvfrm.rsp","enqueuedNodeIndex":206,"enqueueingNodeAnnotation":"MovedFromExtractorCombine Library/Bee/artifacts/1900b0aE.dag/Unity.VisualScripting.Core.Editor.dll.mvfrm","enqueueingNodeIndex":207}
{"msg":"enqueueNode","enqueuedNodeAnnotation":"MovedFromExtractorCombine Library/Bee/artifacts/1900b0aE.dag/Unity.VisualScripting.Flow.dll.mvfrm","enqueuedNodeIndex":212,"enqueueingNodeAnnotation":"ScriptAssemblies","enqueueingNodeIndex":5}
{"msg":"enqueueNode","enqueuedNodeAnnotation":"WriteText Library/Bee/artifacts/1900b0aE.dag/Unity.VisualScripting.Flow.dll.mvfrm.rsp","enqueuedNodeIndex":211,"enqueueingNodeAnnotation":"MovedFromExtractorCombine Library/Bee/artifacts/1900b0aE.dag/Unity.VisualScripting.Flow.dll.mvfrm","enqueueingNodeIndex":212}
{"msg":"enqueueNode","enqueuedNodeAnnotation":"MovedFromExtractor Library/Bee/artifacts/mvdfrm/Unity.VisualScripting.Core.Editor.ref.dll_EDC8690F57C5BDFD.mvfrm","enqueuedNodeIndex":216,"enqueueingNodeAnnotation":"ScriptAssemblies","enqueueingNodeIndex":5}
{"msg":"enqueueNode","enqueuedNodeAnnotation":"Csc Library/Bee/artifacts/1900b0aE.dag/Unity.VisualScripting.Core.Editor.dll (+2 others)","enqueuedNodeIndex":204,"enqueueingNodeAnnotation":"MovedFromExtractor Library/Bee/artifacts/mvdfrm/Unity.VisualScripting.Core.Editor.ref.dll_EDC8690F57C5BDFD.mvfrm","enqueueingNodeIndex":216}
{"msg":"enqueueNode","enqueuedNodeAnnotation":"WriteText Library/Bee/artifacts/1900b0aE.dag/Unity.VisualScripting.Core.Editor.AdditionalFile.txt","enqueuedNodeIndex":202,"enqueueingNodeAnnotation":"Csc Library/Bee/artifacts/1900b0aE.dag/Unity.VisualScripting.Core.Editor.dll (+2 others)","enqueueingNodeIndex":204}
{"msg":"enqueueNode","enqueuedNodeAnnotation":"WriteText Library/Bee/artifacts/1900b0aE.dag/Unity.VisualScripting.Core.Editor.rsp","enqueuedNodeIndex":203,"enqueueingNodeAnnotation":"Csc Library/Bee/artifacts/1900b0aE.dag/Unity.VisualScripting.Core.Editor.dll (+2 others)","enqueueingNodeIndex":204}
{"msg":"enqueueNode","enqueuedNodeAnnotation":"MovedFromExtractor Library/Bee/artifacts/mvdfrm/Unity.VisualScripting.Flow.ref.dll_1E6ED5409D07C9A3.mvfrm","enqueuedNodeIndex":217,"enqueueingNodeAnnotation":"ScriptAssemblies","enqueueingNodeIndex":5}
{"msg":"enqueueNode","enqueuedNodeAnnotation":"Csc Library/Bee/artifacts/1900b0aE.dag/Unity.VisualScripting.Flow.dll (+2 others)","enqueuedNodeIndex":210,"enqueueingNodeAnnotation":"MovedFromExtractor Library/Bee/artifacts/mvdfrm/Unity.VisualScripting.Flow.ref.dll_1E6ED5409D07C9A3.mvfrm","enqueueingNodeIndex":217}
{"msg":"enqueueNode","enqueuedNodeAnnotation":"WriteText Library/Bee/artifacts/1900b0aE.dag/Unity.VisualScripting.Flow.AdditionalFile.txt","enqueuedNodeIndex":208,"enqueueingNodeAnnotation":"Csc Library/Bee/artifacts/1900b0aE.dag/Unity.VisualScripting.Flow.dll (+2 others)","enqueueingNodeIndex":210}
{"msg":"enqueueNode","enqueuedNodeAnnotation":"WriteText Library/Bee/artifacts/1900b0aE.dag/Unity.VisualScripting.Flow.rsp","enqueuedNodeIndex":209,"enqueueingNodeAnnotation":"Csc Library/Bee/artifacts/1900b0aE.dag/Unity.VisualScripting.Flow.dll (+2 others)","enqueueingNodeIndex":210}
{"msg":"enqueueNode","enqueuedNodeAnnotation":"MovedFromExtractorCombine Library/Bee/artifacts/1900b0aE.dag/Unity.VisualScripting.Flow.Editor.dll.mvfrm","enqueuedNodeIndex":219,"enqueueingNodeAnnotation":"ScriptAssemblies","enqueueingNodeIndex":5}
{"msg":"enqueueNode","enqueuedNodeAnnotation":"WriteText Library/Bee/artifacts/1900b0aE.dag/Unity.VisualScripting.Flow.Editor.dll.mvfrm.rsp","enqueuedNodeIndex":218,"enqueueingNodeAnnotation":"MovedFromExtractorCombine Library/Bee/artifacts/1900b0aE.dag/Unity.VisualScripting.Flow.Editor.dll.mvfrm","enqueueingNodeIndex":219}
{"msg":"enqueueNode","enqueuedNodeAnnotation":"MovedFromExtractorCombine Library/Bee/artifacts/1900b0aE.dag/Unity.VisualScripting.State.dll.mvfrm","enqueuedNodeIndex":224,"enqueueingNodeAnnotation":"ScriptAssemblies","enqueueingNodeIndex":5}
{"msg":"enqueueNode","enqueuedNodeAnnotation":"WriteText Library/Bee/artifacts/1900b0aE.dag/Unity.VisualScripting.State.dll.mvfrm.rsp","enqueuedNodeIndex":223,"enqueueingNodeAnnotation":"MovedFromExtractorCombine Library/Bee/artifacts/1900b0aE.dag/Unity.VisualScripting.State.dll.mvfrm","enqueueingNodeIndex":224}
{"msg":"enqueueNode","enqueuedNodeAnnotation":"MovedFromExtractor Library/Bee/artifacts/mvdfrm/Unity.VisualScripting.Flow.Editor.ref.dll_6AF951BE66A4493E.mvfrm","enqueuedNodeIndex":228,"enqueueingNodeAnnotation":"ScriptAssemblies","enqueueingNodeIndex":5}
{"msg":"enqueueNode","enqueuedNodeAnnotation":"Csc Library/Bee/artifacts/1900b0aE.dag/Unity.VisualScripting.Flow.Editor.dll (+2 others)","enqueuedNodeIndex":215,"enqueueingNodeAnnotation":"MovedFromExtractor Library/Bee/artifacts/mvdfrm/Unity.VisualScripting.Flow.Editor.ref.dll_6AF951BE66A4493E.mvfrm","enqueueingNodeIndex":228}
{"msg":"enqueueNode","enqueuedNodeAnnotation":"WriteText Library/Bee/artifacts/1900b0aE.dag/Unity.VisualScripting.Flow.Editor.AdditionalFile.txt","enqueuedNodeIndex":213,"enqueueingNodeAnnotation":"Csc Library/Bee/artifacts/1900b0aE.dag/Unity.VisualScripting.Flow.Editor.dll (+2 others)","enqueueingNodeIndex":215}
{"msg":"enqueueNode","enqueuedNodeAnnotation":"WriteText Library/Bee/artifacts/1900b0aE.dag/Unity.VisualScripting.Flow.Editor.rsp","enqueuedNodeIndex":214,"enqueueingNodeAnnotation":"Csc Library/Bee/artifacts/1900b0aE.dag/Unity.VisualScripting.Flow.Editor.dll (+2 others)","enqueueingNodeIndex":215}
{"msg":"enqueueNode","enqueuedNodeAnnotation":"MovedFromExtractor Library/Bee/artifacts/mvdfrm/Unity.VisualScripting.State.ref.dll_D91762B7076BE462.mvfrm","enqueuedNodeIndex":229,"enqueueingNodeAnnotation":"ScriptAssemblies","enqueueingNodeIndex":5}
{"msg":"enqueueNode","enqueuedNodeAnnotation":"Csc Library/Bee/artifacts/1900b0aE.dag/Unity.VisualScripting.State.dll (+2 others)","enqueuedNodeIndex":222,"enqueueingNodeAnnotation":"MovedFromExtractor Library/Bee/artifacts/mvdfrm/Unity.VisualScripting.State.ref.dll_D91762B7076BE462.mvfrm","enqueueingNodeIndex":229}
{"msg":"enqueueNode","enqueuedNodeAnnotation":"WriteText Library/Bee/artifacts/1900b0aE.dag/Unity.VisualScripting.State.AdditionalFile.txt","enqueuedNodeIndex":220,"enqueueingNodeAnnotation":"Csc Library/Bee/artifacts/1900b0aE.dag/Unity.VisualScripting.State.dll (+2 others)","enqueueingNodeIndex":222}
{"msg":"enqueueNode","enqueuedNodeAnnotation":"WriteText Library/Bee/artifacts/1900b0aE.dag/Unity.VisualScripting.State.rsp","enqueuedNodeIndex":221,"enqueueingNodeAnnotation":"Csc Library/Bee/artifacts/1900b0aE.dag/Unity.VisualScripting.State.dll (+2 others)","enqueueingNodeIndex":222}
{"msg":"enqueueNode","enqueuedNodeAnnotation":"MovedFromExtractorCombine Library/Bee/artifacts/1900b0aE.dag/Unity.VisualScripting.SettingsProvider.Editor.dll.mvfrm","enqueuedNodeIndex":231,"enqueueingNodeAnnotation":"ScriptAssemblies","enqueueingNodeIndex":5}
{"msg":"enqueueNode","enqueuedNodeAnnotation":"WriteText Library/Bee/artifacts/1900b0aE.dag/Unity.VisualScripting.SettingsProvider.Editor.dll.mvfrm.rsp","enqueuedNodeIndex":230,"enqueueingNodeAnnotation":"MovedFromExtractorCombine Library/Bee/artifacts/1900b0aE.dag/Unity.VisualScripting.SettingsProvider.Editor.dll.mvfrm","enqueueingNodeIndex":231}
{"msg":"enqueueNode","enqueuedNodeAnnotation":"MovedFromExtractorCombine Library/Bee/artifacts/1900b0aE.dag/Unity.VisualScripting.State.Editor.dll.mvfrm","enqueuedNodeIndex":236,"enqueueingNodeAnnotation":"ScriptAssemblies","enqueueingNodeIndex":5}
{"msg":"enqueueNode","enqueuedNodeAnnotation":"WriteText Library/Bee/artifacts/1900b0aE.dag/Unity.VisualScripting.State.Editor.dll.mvfrm.rsp","enqueuedNodeIndex":235,"enqueueingNodeAnnotation":"MovedFromExtractorCombine Library/Bee/artifacts/1900b0aE.dag/Unity.VisualScripting.State.Editor.dll.mvfrm","enqueueingNodeIndex":236}
{"msg":"enqueueNode","enqueuedNodeAnnotation":"MovedFromExtractor Library/Bee/artifacts/mvdfrm/Unity.VisualScripting.State.Editor.ref.dll_E03858E727F23F6F.mvfrm","enqueuedNodeIndex":240,"enqueueingNodeAnnotation":"ScriptAssemblies","enqueueingNodeIndex":5}
{"msg":"enqueueNode","enqueuedNodeAnnotation":"Csc Library/Bee/artifacts/1900b0aE.dag/Unity.VisualScripting.State.Editor.dll (+2 others)","enqueuedNodeIndex":234,"enqueueingNodeAnnotation":"MovedFromExtractor Library/Bee/artifacts/mvdfrm/Unity.VisualScripting.State.Editor.ref.dll_E03858E727F23F6F.mvfrm","enqueueingNodeIndex":240}
{"msg":"enqueueNode","enqueuedNodeAnnotation":"WriteText Library/Bee/artifacts/1900b0aE.dag/Unity.VisualScripting.State.Editor.AdditionalFile.txt","enqueuedNodeIndex":232,"enqueueingNodeAnnotation":"Csc Library/Bee/artifacts/1900b0aE.dag/Unity.VisualScripting.State.Editor.dll (+2 others)","enqueueingNodeIndex":234}
{"msg":"enqueueNode","enqueuedNodeAnnotation":"WriteText Library/Bee/artifacts/1900b0aE.dag/Unity.VisualScripting.State.Editor.rsp","enqueuedNodeIndex":233,"enqueueingNodeAnnotation":"Csc Library/Bee/artifacts/1900b0aE.dag/Unity.VisualScripting.State.Editor.dll (+2 others)","enqueueingNodeIndex":234}
{"msg":"enqueueNode","enqueuedNodeAnnotation":"MovedFromExtractorCombine Library/Bee/artifacts/1900b0aE.dag/Unity.VisualScripting.Shared.Editor.dll.mvfrm","enqueuedNodeIndex":242,"enqueueingNodeAnnotation":"ScriptAssemblies","enqueueingNodeIndex":5}
{"msg":"enqueueNode","enqueuedNodeAnnotation":"WriteText Library/Bee/artifacts/1900b0aE.dag/Unity.VisualScripting.Shared.Editor.dll.mvfrm.rsp","enqueuedNodeIndex":241,"enqueueingNodeAnnotation":"MovedFromExtractorCombine Library/Bee/artifacts/1900b0aE.dag/Unity.VisualScripting.Shared.Editor.dll.mvfrm","enqueueingNodeIndex":242}
{"msg":"enqueueNode","enqueuedNodeAnnotation":"MovedFromExtractor Library/Bee/artifacts/mvdfrm/Unity.EditorCoroutines.Editor.ref.dll_34ED10A34098B2DB.mvfrm","enqueuedNodeIndex":246,"enqueueingNodeAnnotation":"ScriptAssemblies","enqueueingNodeIndex":5}
{"msg":"enqueueNode","enqueuedNodeAnnotation":"Csc Library/Bee/artifacts/1900b0aE.dag/Unity.EditorCoroutines.Editor.dll (+2 others)","enqueuedNodeIndex":117,"enqueueingNodeAnnotation":"MovedFromExtractor Library/Bee/artifacts/mvdfrm/Unity.EditorCoroutines.Editor.ref.dll_34ED10A34098B2DB.mvfrm","enqueueingNodeIndex":246}
{"msg":"enqueueNode","enqueuedNodeAnnotation":"WriteText Library/Bee/artifacts/1900b0aE.dag/Unity.EditorCoroutines.Editor.AdditionalFile.txt","enqueuedNodeIndex":115,"enqueueingNodeAnnotation":"Csc Library/Bee/artifacts/1900b0aE.dag/Unity.EditorCoroutines.Editor.dll (+2 others)","enqueueingNodeIndex":117}
{"msg":"enqueueNode","enqueuedNodeAnnotation":"WriteText Library/Bee/artifacts/1900b0aE.dag/Unity.EditorCoroutines.Editor.rsp","enqueuedNodeIndex":116,"enqueueingNodeAnnotation":"Csc Library/Bee/artifacts/1900b0aE.dag/Unity.EditorCoroutines.Editor.dll (+2 others)","enqueueingNodeIndex":117}
{"msg":"enqueueNode","enqueuedNodeAnnotation":"MovedFromExtractor Library/Bee/artifacts/mvdfrm/Unity.Performance.Profile-Analyzer.Editor.ref.dll_65A192712782EB2B.mvfrm","enqueuedNodeIndex":247,"enqueueingNodeAnnotation":"ScriptAssemblies","enqueueingNodeIndex":5}
{"msg":"enqueueNode","enqueuedNodeAnnotation":"Csc Library/Bee/artifacts/1900b0aE.dag/Unity.Performance.Profile-Analyzer.Editor.dll (+2 others)","enqueuedNodeIndex":123,"enqueueingNodeAnnotation":"MovedFromExtractor Library/Bee/artifacts/mvdfrm/Unity.Performance.Profile-Analyzer.Editor.ref.dll_65A192712782EB2B.mvfrm","enqueueingNodeIndex":247}
{"msg":"enqueueNode","enqueuedNodeAnnotation":"WriteText Library/Bee/artifacts/1900b0aE.dag/Unity.Performance.Profile-Analyzer.Editor.AdditionalFile.txt","enqueuedNodeIndex":121,"enqueueingNodeAnnotation":"Csc Library/Bee/artifacts/1900b0aE.dag/Unity.Performance.Profile-Analyzer.Editor.dll (+2 others)","enqueueingNodeIndex":123}
{"msg":"enqueueNode","enqueuedNodeAnnotation":"WriteText Library/Bee/artifacts/1900b0aE.dag/Unity.Performance.Profile-Analyzer.Editor.rsp","enqueuedNodeIndex":122,"enqueueingNodeAnnotation":"Csc Library/Bee/artifacts/1900b0aE.dag/Unity.Performance.Profile-Analyzer.Editor.dll (+2 others)","enqueueingNodeIndex":123}
{"msg":"enqueueNode","enqueuedNodeAnnotation":"MovedFromExtractor Library/Bee/artifacts/mvdfrm/Unity.Rider.Editor.ref.dll_9B5591808ABA37AF.mvfrm","enqueuedNodeIndex":248,"enqueueingNodeAnnotation":"ScriptAssemblies","enqueueingNodeIndex":5}
{"msg":"enqueueNode","enqueuedNodeAnnotation":"Csc Library/Bee/artifacts/1900b0aE.dag/Unity.Rider.Editor.dll (+2 others)","enqueuedNodeIndex":133,"enqueueingNodeAnnotation":"MovedFromExtractor Library/Bee/artifacts/mvdfrm/Unity.Rider.Editor.ref.dll_9B5591808ABA37AF.mvfrm","enqueueingNodeIndex":248}
{"msg":"enqueueNode","enqueuedNodeAnnotation":"WriteText Library/Bee/artifacts/1900b0aE.dag/Unity.Rider.Editor.AdditionalFile.txt","enqueuedNodeIndex":131,"enqueueingNodeAnnotation":"Csc Library/Bee/artifacts/1900b0aE.dag/Unity.Rider.Editor.dll (+2 others)","enqueueingNodeIndex":133}
{"msg":"enqueueNode","enqueuedNodeAnnotation":"WriteText Library/Bee/artifacts/1900b0aE.dag/Unity.Rider.Editor.rsp","enqueuedNodeIndex":132,"enqueueingNodeAnnotation":"Csc Library/Bee/artifacts/1900b0aE.dag/Unity.Rider.Editor.dll (+2 others)","enqueueingNodeIndex":133}
{"msg":"enqueueNode","enqueuedNodeAnnotation":"MovedFromExtractor Library/Bee/artifacts/mvdfrm/Unity.TestTools.CodeCoverage.Editor.ref.dll_F09CF4826CE11CD9.mvfrm","enqueuedNodeIndex":249,"enqueueingNodeAnnotation":"ScriptAssemblies","enqueueingNodeIndex":5}
{"msg":"enqueueNode","enqueuedNodeAnnotation":"Csc Library/Bee/artifacts/1900b0aE.dag/Unity.TestTools.CodeCoverage.Editor.dll (+2 others)","enqueuedNodeIndex":184,"enqueueingNodeAnnotation":"MovedFromExtractor Library/Bee/artifacts/mvdfrm/Unity.TestTools.CodeCoverage.Editor.ref.dll_F09CF4826CE11CD9.mvfrm","enqueueingNodeIndex":249}
{"msg":"enqueueNode","enqueuedNodeAnnotation":"WriteText Library/Bee/artifacts/1900b0aE.dag/Unity.TestTools.CodeCoverage.Editor.AdditionalFile.txt","enqueuedNodeIndex":182,"enqueueingNodeAnnotation":"Csc Library/Bee/artifacts/1900b0aE.dag/Unity.TestTools.CodeCoverage.Editor.dll (+2 others)","enqueueingNodeIndex":184}
{"msg":"enqueueNode","enqueuedNodeAnnotation":"WriteText Library/Bee/artifacts/1900b0aE.dag/Unity.TestTools.CodeCoverage.Editor.rsp","enqueuedNodeIndex":183,"enqueueingNodeAnnotation":"Csc Library/Bee/artifacts/1900b0aE.dag/Unity.TestTools.CodeCoverage.Editor.dll (+2 others)","enqueueingNodeIndex":184}
{"msg":"enqueueNode","enqueuedNodeAnnotation":"MovedFromExtractor Library/Bee/artifacts/mvdfrm/Unity.TextMeshPro.Editor.ref.dll_159E061D77A10B86.mvfrm","enqueuedNodeIndex":250,"enqueueingNodeAnnotation":"ScriptAssemblies","enqueueingNodeIndex":5}
{"msg":"enqueueNode","enqueuedNodeAnnotation":"Csc Library/Bee/artifacts/1900b0aE.dag/Unity.TextMeshPro.Editor.dll (+2 others)","enqueuedNodeIndex":192,"enqueueingNodeAnnotation":"MovedFromExtractor Library/Bee/artifacts/mvdfrm/Unity.TextMeshPro.Editor.ref.dll_159E061D77A10B86.mvfrm","enqueueingNodeIndex":250}
{"msg":"enqueueNode","enqueuedNodeAnnotation":"WriteText Library/Bee/artifacts/1900b0aE.dag/Unity.TextMeshPro.Editor.AdditionalFile.txt","enqueuedNodeIndex":190,"enqueueingNodeAnnotation":"Csc Library/Bee/artifacts/1900b0aE.dag/Unity.TextMeshPro.Editor.dll (+2 others)","enqueueingNodeIndex":192}
{"msg":"enqueueNode","enqueuedNodeAnnotation":"WriteText Library/Bee/artifacts/1900b0aE.dag/Unity.TextMeshPro.Editor.rsp","enqueuedNodeIndex":191,"enqueueingNodeAnnotation":"Csc Library/Bee/artifacts/1900b0aE.dag/Unity.TextMeshPro.Editor.dll (+2 others)","enqueueingNodeIndex":192}
{"msg":"enqueueNode","enqueuedNodeAnnotation":"MovedFromExtractor Library/Bee/artifacts/mvdfrm/Unity.Timeline.Editor.ref.dll_0D3D3C0B73557612.mvfrm","enqueuedNodeIndex":251,"enqueueingNodeAnnotation":"ScriptAssemblies","enqueueingNodeIndex":5}
{"msg":"enqueueNode","enqueuedNodeAnnotation":"Csc Library/Bee/artifacts/1900b0aE.dag/Unity.Timeline.Editor.dll (+2 others)","enqueuedNodeIndex":198,"enqueueingNodeAnnotation":"MovedFromExtractor Library/Bee/artifacts/mvdfrm/Unity.Timeline.Editor.ref.dll_0D3D3C0B73557612.mvfrm","enqueueingNodeIndex":251}
{"msg":"enqueueNode","enqueuedNodeAnnotation":"WriteText Library/Bee/artifacts/1900b0aE.dag/Unity.Timeline.Editor.AdditionalFile.txt","enqueuedNodeIndex":196,"enqueueingNodeAnnotation":"Csc Library/Bee/artifacts/1900b0aE.dag/Unity.Timeline.Editor.dll (+2 others)","enqueueingNodeIndex":198}
{"msg":"enqueueNode","enqueuedNodeAnnotation":"WriteText Library/Bee/artifacts/1900b0aE.dag/Unity.Timeline.Editor.rsp","enqueuedNodeIndex":197,"enqueueingNodeAnnotation":"Csc Library/Bee/artifacts/1900b0aE.dag/Unity.Timeline.Editor.dll (+2 others)","enqueueingNodeIndex":198}
{"msg":"enqueueNode","enqueuedNodeAnnotation":"MovedFromExtractor Library/Bee/artifacts/mvdfrm/Unity.VSCode.Editor.ref.dll_3628369EB48E4C19.mvfrm","enqueuedNodeIndex":252,"enqueueingNodeAnnotation":"ScriptAssemblies","enqueueingNodeIndex":5}
{"msg":"enqueueNode","enqueuedNodeAnnotation":"Csc Library/Bee/artifacts/1900b0aE.dag/Unity.VSCode.Editor.dll (+2 others)","enqueuedNodeIndex":163,"enqueueingNodeAnnotation":"MovedFromExtractor Library/Bee/artifacts/mvdfrm/Unity.VSCode.Editor.ref.dll_3628369EB48E4C19.mvfrm","enqueueingNodeIndex":252}
{"msg":"enqueueNode","enqueuedNodeAnnotation":"WriteText Library/Bee/artifacts/1900b0aE.dag/Unity.VSCode.Editor.AdditionalFile.txt","enqueuedNodeIndex":161,"enqueueingNodeAnnotation":"Csc Library/Bee/artifacts/1900b0aE.dag/Unity.VSCode.Editor.dll (+2 others)","enqueueingNodeIndex":163}
{"msg":"enqueueNode","enqueuedNodeAnnotation":"WriteText Library/Bee/artifacts/1900b0aE.dag/Unity.VSCode.Editor.rsp","enqueuedNodeIndex":162,"enqueueingNodeAnnotation":"Csc Library/Bee/artifacts/1900b0aE.dag/Unity.VSCode.Editor.dll (+2 others)","enqueueingNodeIndex":163}
{"msg":"enqueueNode","enqueuedNodeAnnotation":"MovedFromExtractor Library/Bee/artifacts/mvdfrm/Unity.VisualScripting.SettingsProvider.Editor.ref.dll_A1A44354E0B583A8.mvfrm","enqueuedNodeIndex":253,"enqueueingNodeAnnotation":"ScriptAssemblies","enqueueingNodeIndex":5}
{"msg":"enqueueNode","enqueuedNodeAnnotation":"Csc Library/Bee/artifacts/1900b0aE.dag/Unity.VisualScripting.SettingsProvider.Editor.dll (+2 others)","enqueuedNodeIndex":227,"enqueueingNodeAnnotation":"MovedFromExtractor Library/Bee/artifacts/mvdfrm/Unity.VisualScripting.SettingsProvider.Editor.ref.dll_A1A44354E0B583A8.mvfrm","enqueueingNodeIndex":253}
{"msg":"enqueueNode","enqueuedNodeAnnotation":"WriteText Library/Bee/artifacts/1900b0aE.dag/Unity.VisualScripting.SettingsProvider.Editor.AdditionalFile.txt","enqueuedNodeIndex":225,"enqueueingNodeAnnotation":"Csc Library/Bee/artifacts/1900b0aE.dag/Unity.VisualScripting.SettingsProvider.Editor.dll (+2 others)","enqueueingNodeIndex":227}
{"msg":"enqueueNode","enqueuedNodeAnnotation":"WriteText Library/Bee/artifacts/1900b0aE.dag/Unity.VisualScripting.SettingsProvider.Editor.rsp","enqueuedNodeIndex":226,"enqueueingNodeAnnotation":"Csc Library/Bee/artifacts/1900b0aE.dag/Unity.VisualScripting.SettingsProvider.Editor.dll (+2 others)","enqueueingNodeIndex":227}
{"msg":"enqueueNode","enqueuedNodeAnnotation":"MovedFromExtractor Library/Bee/artifacts/mvdfrm/Unity.VisualScripting.Shared.Editor.ref.dll_9669F6EBFF6DFFB7.mvfrm","enqueuedNodeIndex":254,"enqueueingNodeAnnotation":"ScriptAssemblies","enqueueingNodeIndex":5}
{"msg":"enqueueNode","enqueuedNodeAnnotation":"Csc Library/Bee/artifacts/1900b0aE.dag/Unity.VisualScripting.Shared.Editor.dll (+2 others)","enqueuedNodeIndex":239,"enqueueingNodeAnnotation":"MovedFromExtractor Library/Bee/artifacts/mvdfrm/Unity.VisualScripting.Shared.Editor.ref.dll_9669F6EBFF6DFFB7.mvfrm","enqueueingNodeIndex":254}
{"msg":"enqueueNode","enqueuedNodeAnnotation":"WriteText Library/Bee/artifacts/1900b0aE.dag/Unity.VisualScripting.Shared.Editor.AdditionalFile.txt","enqueuedNodeIndex":237,"enqueueingNodeAnnotation":"Csc Library/Bee/artifacts/1900b0aE.dag/Unity.VisualScripting.Shared.Editor.dll (+2 others)","enqueueingNodeIndex":239}
{"msg":"enqueueNode","enqueuedNodeAnnotation":"WriteText Library/Bee/artifacts/1900b0aE.dag/Unity.VisualScripting.Shared.Editor.rsp","enqueuedNodeIndex":238,"enqueueingNodeAnnotation":"Csc Library/Bee/artifacts/1900b0aE.dag/Unity.VisualScripting.Shared.Editor.dll (+2 others)","enqueueingNodeIndex":239}
{"msg":"enqueueNode","enqueuedNodeAnnotation":"MovedFromExtractor Library/Bee/artifacts/mvdfrm/Unity.VisualStudio.Editor.ref.dll_3A975DBA53ABA4AD.mvfrm","enqueuedNodeIndex":255,"enqueueingNodeAnnotation":"ScriptAssemblies","enqueueingNodeIndex":5}
{"msg":"enqueueNode","enqueuedNodeAnnotation":"Csc Library/Bee/artifacts/1900b0aE.dag/Unity.VisualStudio.Editor.dll (+2 others)","enqueuedNodeIndex":173,"enqueueingNodeAnnotation":"MovedFromExtractor Library/Bee/artifacts/mvdfrm/Unity.VisualStudio.Editor.ref.dll_3A975DBA53ABA4AD.mvfrm","enqueueingNodeIndex":255}
{"msg":"enqueueNode","enqueuedNodeAnnotation":"WriteText Library/Bee/artifacts/1900b0aE.dag/Unity.VisualStudio.Editor.AdditionalFile.txt","enqueuedNodeIndex":171,"enqueueingNodeAnnotation":"Csc Library/Bee/artifacts/1900b0aE.dag/Unity.VisualStudio.Editor.dll (+2 others)","enqueueingNodeIndex":173}
{"msg":"enqueueNode","enqueuedNodeAnnotation":"WriteText Library/Bee/artifacts/1900b0aE.dag/Unity.VisualStudio.Editor.rsp","enqueuedNodeIndex":172,"enqueueingNodeAnnotation":"Csc Library/Bee/artifacts/1900b0aE.dag/Unity.VisualStudio.Editor.dll (+2 others)","enqueueingNodeIndex":173}
{"msg":"enqueueNode","enqueuedNodeAnnotation":"MovedFromExtractorCombine Library/Bee/artifacts/1900b0aE.dag/Assembly-CSharp.dll.mvfrm","enqueuedNodeIndex":257,"enqueueingNodeAnnotation":"ScriptAssemblies","enqueueingNodeIndex":5}
{"msg":"enqueueNode","enqueuedNodeAnnotation":"WriteText Library/Bee/artifacts/1900b0aE.dag/Assembly-CSharp.dll.mvfrm.rsp","enqueuedNodeIndex":256,"enqueueingNodeAnnotation":"MovedFromExtractorCombine Library/Bee/artifacts/1900b0aE.dag/Assembly-CSharp.dll.mvfrm","enqueueingNodeIndex":257}
{"msg":"enqueueNode","enqueuedNodeAnnotation":"CopyFiles Library/ScriptAssemblies/UnityEngine.TestRunner.dll","enqueuedNodeIndex":258,"enqueueingNodeAnnotation":"ScriptAssemblies","enqueueingNodeIndex":5}
{"msg":"enqueueNode","enqueuedNodeAnnotation":"CopyFiles Library/ScriptAssemblies/UnityEngine.TestRunner.pdb","enqueuedNodeIndex":259,"enqueueingNodeAnnotation":"ScriptAssemblies","enqueueingNodeIndex":5}
{"msg":"enqueueNode","enqueuedNodeAnnotation":"CopyFiles Library/ScriptAssemblies/UnityEditor.TestRunner.dll","enqueuedNodeIndex":260,"enqueueingNodeAnnotation":"ScriptAssemblies","enqueueingNodeIndex":5}
{"msg":"enqueueNode","enqueuedNodeAnnotation":"CopyFiles Library/ScriptAssemblies/UnityEditor.TestRunner.pdb","enqueuedNodeIndex":261,"enqueueingNodeAnnotation":"ScriptAssemblies","enqueueingNodeIndex":5}
{"msg":"enqueueNode","enqueuedNodeAnnotation":"CopyFiles Library/ScriptAssemblies/Unity.Rider.Editor.dll","enqueuedNodeIndex":262,"enqueueingNodeAnnotation":"ScriptAssemblies","enqueueingNodeIndex":5}
{"msg":"enqueueNode","enqueuedNodeAnnotation":"CopyFiles Library/ScriptAssemblies/Unity.Rider.Editor.pdb","enqueuedNodeIndex":263,"enqueueingNodeAnnotation":"ScriptAssemblies","enqueueingNodeIndex":5}
{"msg":"enqueueNode","enqueuedNodeAnnotation":"CopyFiles Library/ScriptAssemblies/Unity.VSCode.Editor.dll","enqueuedNodeIndex":264,"enqueueingNodeAnnotation":"ScriptAssemblies","enqueueingNodeIndex":5}
{"msg":"enqueueNode","enqueuedNodeAnnotation":"CopyFiles Library/ScriptAssemblies/Unity.VSCode.Editor.pdb","enqueuedNodeIndex":265,"enqueueingNodeAnnotation":"ScriptAssemblies","enqueueingNodeIndex":5}
{"msg":"enqueueNode","enqueuedNodeAnnotation":"CopyFiles Library/ScriptAssemblies/Unity.VisualStudio.Editor.dll","enqueuedNodeIndex":266,"enqueueingNodeAnnotation":"ScriptAssemblies","enqueueingNodeIndex":5}
{"msg":"enqueueNode","enqueuedNodeAnnotation":"CopyFiles Library/ScriptAssemblies/Unity.VisualStudio.Editor.pdb","enqueuedNodeIndex":267,"enqueueingNodeAnnotation":"ScriptAssemblies","enqueueingNodeIndex":5}
{"msg":"enqueueNode","enqueuedNodeAnnotation":"CopyFiles Library/ScriptAssemblies/UnityEngine.UI.dll","enqueuedNodeIndex":268,"enqueueingNodeAnnotation":"ScriptAssemblies","enqueueingNodeIndex":5}
{"msg":"enqueueNode","enqueuedNodeAnnotation":"CopyFiles Library/ScriptAssemblies/UnityEngine.UI.pdb","enqueuedNodeIndex":269,"enqueueingNodeAnnotation":"ScriptAssemblies","enqueueingNodeIndex":5}
{"msg":"enqueueNode","enqueuedNodeAnnotation":"CopyFiles Library/ScriptAssemblies/UnityEditor.UI.dll","enqueuedNodeIndex":270,"enqueueingNodeAnnotation":"ScriptAssemblies","enqueueingNodeIndex":5}
{"msg":"enqueueNode","enqueuedNodeAnnotation":"CopyFiles Library/ScriptAssemblies/UnityEditor.UI.pdb","enqueuedNodeIndex":271,"enqueueingNodeAnnotation":"ScriptAssemblies","enqueueingNodeIndex":5}
{"msg":"enqueueNode","enqueuedNodeAnnotation":"CopyFiles Library/ScriptAssemblies/Unity.EditorCoroutines.Editor.dll","enqueuedNodeIndex":272,"enqueueingNodeAnnotation":"ScriptAssemblies","enqueueingNodeIndex":5}
{"msg":"enqueueNode","enqueuedNodeAnnotation":"CopyFiles Library/ScriptAssemblies/Unity.EditorCoroutines.Editor.pdb","enqueuedNodeIndex":273,"enqueueingNodeAnnotation":"ScriptAssemblies","enqueueingNodeIndex":5}
{"msg":"enqueueNode","enqueuedNodeAnnotation":"CopyFiles Library/ScriptAssemblies/Unity.Performance.Profile-Analyzer.Editor.dll","enqueuedNodeIndex":274,"enqueueingNodeAnnotation":"ScriptAssemblies","enqueueingNodeIndex":5}
{"msg":"enqueueNode","enqueuedNodeAnnotation":"CopyFiles Library/ScriptAssemblies/Unity.Performance.Profile-Analyzer.Editor.pdb","enqueuedNodeIndex":275,"enqueueingNodeAnnotation":"ScriptAssemblies","enqueueingNodeIndex":5}
{"msg":"enqueueNode","enqueuedNodeAnnotation":"CopyFiles Library/ScriptAssemblies/Unity.PlasticSCM.Editor.dll","enqueuedNodeIndex":276,"enqueueingNodeAnnotation":"ScriptAssemblies","enqueueingNodeIndex":5}
{"msg":"enqueueNode","enqueuedNodeAnnotation":"CopyFiles Library/ScriptAssemblies/Unity.PlasticSCM.Editor.pdb","enqueuedNodeIndex":277,"enqueueingNodeAnnotation":"ScriptAssemblies","enqueueingNodeIndex":5}
{"msg":"enqueueNode","enqueuedNodeAnnotation":"CopyFiles Library/ScriptAssemblies/Unity.Settings.Editor.dll","enqueuedNodeIndex":278,"enqueueingNodeAnnotation":"ScriptAssemblies","enqueueingNodeIndex":5}
{"msg":"enqueueNode","enqueuedNodeAnnotation":"CopyFiles Library/ScriptAssemblies/Unity.Settings.Editor.pdb","enqueuedNodeIndex":279,"enqueueingNodeAnnotation":"ScriptAssemblies","enqueueingNodeIndex":5}
{"msg":"enqueueNode","enqueuedNodeAnnotation":"CopyFiles Library/ScriptAssemblies/Unity.TestTools.CodeCoverage.Editor.OpenCover.Model.dll","enqueuedNodeIndex":280,"enqueueingNodeAnnotation":"ScriptAssemblies","enqueueingNodeIndex":5}
{"msg":"enqueueNode","enqueuedNodeAnnotation":"CopyFiles Library/ScriptAssemblies/Unity.TestTools.CodeCoverage.Editor.OpenCover.Model.pdb","enqueuedNodeIndex":281,"enqueueingNodeAnnotation":"ScriptAssemblies","enqueueingNodeIndex":5}
{"msg":"enqueueNode","enqueuedNodeAnnotation":"CopyFiles Library/ScriptAssemblies/Unity.TestTools.CodeCoverage.Editor.OpenCover.Mono.Reflection.dll","enqueuedNodeIndex":282,"enqueueingNodeAnnotation":"ScriptAssemblies","enqueueingNodeIndex":5}
{"msg":"enqueueNode","enqueuedNodeAnnotation":"CopyFiles Library/ScriptAssemblies/Unity.TestTools.CodeCoverage.Editor.OpenCover.Mono.Reflection.pdb","enqueuedNodeIndex":283,"enqueueingNodeAnnotation":"ScriptAssemblies","enqueueingNodeIndex":5}
{"msg":"enqueueNode","enqueuedNodeAnnotation":"CopyFiles Library/ScriptAssemblies/Unity.TextMeshPro.dll","enqueuedNodeIndex":284,"enqueueingNodeAnnotation":"ScriptAssemblies","enqueueingNodeIndex":5}
{"msg":"enqueueNode","enqueuedNodeAnnotation":"CopyFiles Library/ScriptAssemblies/Unity.TextMeshPro.pdb","enqueuedNodeIndex":285,"enqueueingNodeAnnotation":"ScriptAssemblies","enqueueingNodeIndex":5}
{"msg":"enqueueNode","enqueuedNodeAnnotation":"CopyFiles Library/ScriptAssemblies/Unity.Timeline.dll","enqueuedNodeIndex":286,"enqueueingNodeAnnotation":"ScriptAssemblies","enqueueingNodeIndex":5}
{"msg":"enqueueNode","enqueuedNodeAnnotation":"CopyFiles Library/ScriptAssemblies/Unity.Timeline.pdb","enqueuedNodeIndex":287,"enqueueingNodeAnnotation":"ScriptAssemblies","enqueueingNodeIndex":5}
{"msg":"enqueueNode","enqueuedNodeAnnotation":"CopyFiles Library/ScriptAssemblies/Unity.VisualScripting.Core.dll","enqueuedNodeIndex":288,"enqueueingNodeAnnotation":"ScriptAssemblies","enqueueingNodeIndex":5}
{"msg":"enqueueNode","enqueuedNodeAnnotation":"CopyFiles Library/ScriptAssemblies/Unity.VisualScripting.Core.pdb","enqueuedNodeIndex":289,"enqueueingNodeAnnotation":"ScriptAssemblies","enqueueingNodeIndex":5}
{"msg":"enqueueNode","enqueuedNodeAnnotation":"CopyFiles Library/ScriptAssemblies/Unity.CollabProxy.Editor.dll","enqueuedNodeIndex":290,"enqueueingNodeAnnotation":"ScriptAssemblies","enqueueingNodeIndex":5}
{"msg":"enqueueNode","enqueuedNodeAnnotation":"Csc Library/Bee/artifacts/1900b0aE.dag/Unity.CollabProxy.Editor.dll (+2 others)","enqueuedNodeIndex":178,"enqueueingNodeAnnotation":"CopyFiles Library/ScriptAssemblies/Unity.CollabProxy.Editor.dll","enqueueingNodeIndex":290}
{"msg":"enqueueNode","enqueuedNodeAnnotation":"WriteText Library/Bee/artifacts/1900b0aE.dag/Unity.CollabProxy.Editor.AdditionalFile.txt","enqueuedNodeIndex":176,"enqueueingNodeAnnotation":"Csc Library/Bee/artifacts/1900b0aE.dag/Unity.CollabProxy.Editor.dll (+2 others)","enqueueingNodeIndex":178}
{"msg":"enqueueNode","enqueuedNodeAnnotation":"WriteText Library/Bee/artifacts/1900b0aE.dag/Unity.CollabProxy.Editor.rsp","enqueuedNodeIndex":177,"enqueueingNodeAnnotation":"Csc Library/Bee/artifacts/1900b0aE.dag/Unity.CollabProxy.Editor.dll (+2 others)","enqueueingNodeIndex":178}
{"msg":"enqueueNode","enqueuedNodeAnnotation":"CopyFiles Library/ScriptAssemblies/Unity.CollabProxy.Editor.pdb","enqueuedNodeIndex":291,"enqueueingNodeAnnotation":"ScriptAssemblies","enqueueingNodeIndex":5}
{"msg":"enqueueNode","enqueuedNodeAnnotation":"CopyFiles Library/ScriptAssemblies/Unity.TestTools.CodeCoverage.Editor.dll","enqueuedNodeIndex":292,"enqueueingNodeAnnotation":"ScriptAssemblies","enqueueingNodeIndex":5}
{"msg":"enqueueNode","enqueuedNodeAnnotation":"CopyFiles Library/ScriptAssemblies/Unity.TestTools.CodeCoverage.Editor.pdb","enqueuedNodeIndex":293,"enqueueingNodeAnnotation":"ScriptAssemblies","enqueueingNodeIndex":5}
{"msg":"enqueueNode","enqueuedNodeAnnotation":"CopyFiles Library/ScriptAssemblies/Unity.TextMeshPro.Editor.dll","enqueuedNodeIndex":294,"enqueueingNodeAnnotation":"ScriptAssemblies","enqueueingNodeIndex":5}
{"msg":"enqueueNode","enqueuedNodeAnnotation":"CopyFiles Library/ScriptAssemblies/Unity.TextMeshPro.Editor.pdb","enqueuedNodeIndex":295,"enqueueingNodeAnnotation":"ScriptAssemblies","enqueueingNodeIndex":5}
{"msg":"enqueueNode","enqueuedNodeAnnotation":"CopyFiles Library/ScriptAssemblies/Unity.Timeline.Editor.dll","enqueuedNodeIndex":296,"enqueueingNodeAnnotation":"ScriptAssemblies","enqueueingNodeIndex":5}
{"msg":"enqueueNode","enqueuedNodeAnnotation":"CopyFiles Library/ScriptAssemblies/Unity.Timeline.Editor.pdb","enqueuedNodeIndex":297,"enqueueingNodeAnnotation":"ScriptAssemblies","enqueueingNodeIndex":5}
{"msg":"enqueueNode","enqueuedNodeAnnotation":"CopyFiles Library/ScriptAssemblies/Unity.VisualScripting.Core.Editor.dll","enqueuedNodeIndex":298,"enqueueingNodeAnnotation":"ScriptAssemblies","enqueueingNodeIndex":5}
{"msg":"enqueueNode","enqueuedNodeAnnotation":"CopyFiles Library/ScriptAssemblies/Unity.VisualScripting.Core.Editor.pdb","enqueuedNodeIndex":299,"enqueueingNodeAnnotation":"ScriptAssemblies","enqueueingNodeIndex":5}
{"msg":"enqueueNode","enqueuedNodeAnnotation":"CopyFiles Library/ScriptAssemblies/Unity.VisualScripting.Flow.dll","enqueuedNodeIndex":300,"enqueueingNodeAnnotation":"ScriptAssemblies","enqueueingNodeIndex":5}
{"msg":"enqueueNode","enqueuedNodeAnnotation":"CopyFiles Library/ScriptAssemblies/Unity.VisualScripting.Flow.pdb","enqueuedNodeIndex":301,"enqueueingNodeAnnotation":"ScriptAssemblies","enqueueingNodeIndex":5}
{"msg":"enqueueNode","enqueuedNodeAnnotation":"CopyFiles Library/ScriptAssemblies/Unity.VisualScripting.Flow.Editor.dll","enqueuedNodeIndex":302,"enqueueingNodeAnnotation":"ScriptAssemblies","enqueueingNodeIndex":5}
{"msg":"enqueueNode","enqueuedNodeAnnotation":"CopyFiles Library/ScriptAssemblies/Unity.VisualScripting.Flow.Editor.pdb","enqueuedNodeIndex":303,"enqueueingNodeAnnotation":"ScriptAssemblies","enqueueingNodeIndex":5}
{"msg":"enqueueNode","enqueuedNodeAnnotation":"CopyFiles Library/ScriptAssemblies/Unity.VisualScripting.State.dll","enqueuedNodeIndex":304,"enqueueingNodeAnnotation":"ScriptAssemblies","enqueueingNodeIndex":5}
{"msg":"enqueueNode","enqueuedNodeAnnotation":"CopyFiles Library/ScriptAssemblies/Unity.VisualScripting.State.pdb","enqueuedNodeIndex":305,"enqueueingNodeAnnotation":"ScriptAssemblies","enqueueingNodeIndex":5}
{"msg":"enqueueNode","enqueuedNodeAnnotation":"CopyFiles Library/ScriptAssemblies/Unity.VisualScripting.SettingsProvider.Editor.dll","enqueuedNodeIndex":306,"enqueueingNodeAnnotation":"ScriptAssemblies","enqueueingNodeIndex":5}
{"msg":"enqueueNode","enqueuedNodeAnnotation":"CopyFiles Library/ScriptAssemblies/Unity.VisualScripting.SettingsProvider.Editor.pdb","enqueuedNodeIndex":307,"enqueueingNodeAnnotation":"ScriptAssemblies","enqueueingNodeIndex":5}
{"msg":"enqueueNode","enqueuedNodeAnnotation":"CopyFiles Library/ScriptAssemblies/Unity.VisualScripting.State.Editor.dll","enqueuedNodeIndex":308,"enqueueingNodeAnnotation":"ScriptAssemblies","enqueueingNodeIndex":5}
{"msg":"enqueueNode","enqueuedNodeAnnotation":"CopyFiles Library/ScriptAssemblies/Unity.VisualScripting.State.Editor.pdb","enqueuedNodeIndex":309,"enqueueingNodeAnnotation":"ScriptAssemblies","enqueueingNodeIndex":5}
{"msg":"enqueueNode","enqueuedNodeAnnotation":"CopyFiles Library/ScriptAssemblies/Unity.VisualScripting.Shared.Editor.dll","enqueuedNodeIndex":310,"enqueueingNodeAnnotation":"ScriptAssemblies","enqueueingNodeIndex":5}
{"msg":"enqueueNode","enqueuedNodeAnnotation":"CopyFiles Library/ScriptAssemblies/Unity.VisualScripting.Shared.Editor.pdb","enqueuedNodeIndex":311,"enqueueingNodeAnnotation":"ScriptAssemblies","enqueueingNodeIndex":5}
{"msg":"enqueueNode","enqueuedNodeAnnotation":"CopyFiles Library/ScriptAssemblies/Assembly-CSharp.dll","enqueuedNodeIndex":312,"enqueueingNodeAnnotation":"ScriptAssemblies","enqueueingNodeIndex":5}
{"msg":"enqueueNode","enqueuedNodeAnnotation":"Csc Library/Bee/artifacts/1900b0aE.dag/Assembly-CSharp.dll (+2 others)","enqueuedNodeIndex":245,"enqueueingNodeAnnotation":"CopyFiles Library/ScriptAssemblies/Assembly-CSharp.dll","enqueueingNodeIndex":312}
{"msg":"enqueueNode","enqueuedNodeAnnotation":"WriteText Library/Bee/artifacts/1900b0aE.dag/Assembly-CSharp.AdditionalFile.txt","enqueuedNodeIndex":243,"enqueueingNodeAnnotation":"Csc Library/Bee/artifacts/1900b0aE.dag/Assembly-CSharp.dll (+2 others)","enqueueingNodeIndex":245}
{"msg":"enqueueNode","enqueuedNodeAnnotation":"WriteText Library/Bee/artifacts/1900b0aE.dag/Assembly-CSharp.rsp","enqueuedNodeIndex":244,"enqueueingNodeAnnotation":"Csc Library/Bee/artifacts/1900b0aE.dag/Assembly-CSharp.dll (+2 others)","enqueueingNodeIndex":245}
{"msg":"enqueueNode","enqueuedNodeAnnotation":"CopyFiles Library/ScriptAssemblies/Assembly-CSharp.pdb","enqueuedNodeIndex":313,"enqueueingNodeAnnotation":"ScriptAssemblies","enqueueingNodeIndex":5}
